name,designation,ministry,department,office,email,phone,source,scrapedAt
মুহাম্মদ সাদিকুর রহমান,উপসচিব,মন্ত্রিপরিষদ বিভাগ,মন্ত্রিপরিষদ বিভাগ,,rti_sec@cabinet.gov.bd,০১৯১৪২১০২৮৪,scraped_contacts/rti_officers_all.json,2026-01-02T14:47:21.016Z
মোহাম্মদ এনামুল আহসান,উপসচিব,মন্ত্রিপরিষদ বিভাগ,মন্ত্রিপরিষদ বিভাগ,,gg_sec@cabinet.gov.bd,০১৭১১২০২৮৪৭,scraped_contacts/rti_officers_all.json,2026-01-02T14:47:21.024Z
মুন্না রাণী বিশ্বাস,সহকারী সচিব,পার্বত্য চট্টগ্রাম বিষয়ক মন্ত্রণালয়,,,munnabs0586@gmail.com,০১৭১৬৪০২৪০৯,scraped_contacts/rti_officers_all.json,2026-01-02T14:47:21.024Z
মোঃ জাহাঙ্গীর আলম,সহকারী সচিব,পার্বত্য চট্টগ্রাম বিষয়ক মন্ত্রণালয়,,,jalammoa@yahoo.com,০১৭১৫৩৯২১১৮,scraped_contacts/rti_officers_all.json,2026-01-02T14:47:21.024Z
ইসরাত জাহান,উপসচিব (প্রশাসন-২),প্রাথমিক ও গণশিক্ষা মন্ত্রণালয়,,,dssch1@mopme.gov.bd,০১৬৭৩২৯৯৭০৫,scraped_contacts/rti_officers_all.json,2026-01-02T14:47:21.024Z
মোঃ শামছুল আরিফ,উপসচিব (প্রশাসন-২),প্রাথমিক ও গণশিক্ষা মন্ত্রণালয়,,,dsad2@mopme.gov.bd,০১৭২৬৩১০৬৬৫,scraped_contacts/rti_officers_all.json,2026-01-02T14:47:21.024Z
মুহাম্মদ শহিদ উল্লাহ,উপসচিব (প্রশাসন-২),কৃষি মন্ত্রণালয়,,,admin3@moa.gov.bd,০১৭১১০০৯৫৮৫,scraped_contacts/rti_officers_all.json,2026-01-02T14:47:21.024Z
ড. মো: হাতেম আলী,উপসচিব (প্রশাসন-২),কৃষি মন্ত্রণালয়,,,admin2@moa.gov.bd,০১৭১১১১৬৬০৫,scraped_contacts/rti_officers_all.json,2026-01-02T14:47:21.024Z
মোঃ হেলাল উদ্দিন,উপসচিব (প্রশাসন-২),বেসামরিক বিমান পরিবহন ও পর্যটন মন্ত্রণালয়,,,jsbudget@mocat.gov.bd,০১৭১৪৭০২৯৭১,scraped_contacts/rti_officers_all.json,2026-01-02T14:47:21.024Z
দীপক কুমার রায়,উপসচিব (প্রশাসন-২),বেসামরিক বিমান পরিবহন ও পর্যটন মন্ত্রণালয়,,,dsadmin2@mocat.gov.bd,০১৭৬৩৩৩৪০৪৭,scraped_contacts/rti_officers_all.json,2026-01-02T14:47:21.024Z
মোঃ সারোয়ার সালাম,উপসচিব,বাণিজ্য মন্ত্রণালয়,,,sas.law@mincom.gov.bd,৮৮ ০১৯১৩৭৯৭৭৬৬,scraped_contacts/rti_officers_all.json,2026-01-02T14:47:21.024Z
মোতাকাব্বীর আহমেদ,উপসচিব,বাণিজ্য মন্ত্রণালয়,,,admn5@mincom.gov.bd,৮৮ ০১৭১২১৭৮৯৫৯,scraped_contacts/rti_officers_all.json,2026-01-02T14:47:21.024Z
সুলতানা রাজিয়া,যুগ্মসচিব,সড়ক পরিবহন ও সেতু মন্ত্রণালয়,সড়ক পরিবহন ও মহাসড়ক বিভাগ,,shilpihr1973@gmail.com,০১৭১১-৭৮৪৫৭২,scraped_contacts/rti_officers_all.json,2026-01-02T14:47:21.025Z
ড. ভেনিসা রড্রিক্স,উপসচিব,সেতু বিভাগ,সেতু বিভাগ,,dsadmin@bridgesdivision.gov.bd,০১৭১৫৪৫৯৭৬১,scraped_contacts/rti_officers_all.json,2026-01-02T14:47:21.025Z
আবদুল্লাহ আল বাকী,উপসচিব,সেতু বিভাগ,সেতু বিভাগ,,dsdev@bridgesdivision.gov.bd,০১৭৩১৮৪৬৮৯৯,scraped_contacts/rti_officers_all.json,2026-01-02T14:47:21.025Z
ড.মুনিরা সুলতানা,যুগ্মসচিব,সংস্কৃতি বিষয়ক মন্ত্রণালয়,,,js_planning@moca.gov.bd,০২-৯৫১৪১৬০,scraped_contacts/rti_officers_all.json,2026-01-02T14:47:21.025Z
আইরীন ফারজানা,যুগ্মসচিব,সংস্কৃতি বিষয়ক মন্ত্রণালয়,,,event.section@moca.gov.bd,০১৭১২২৯২৭৮৭,scraped_contacts/rti_officers_all.json,2026-01-02T14:47:21.025Z
নাহিদা পারভীন,সিনিয়র সহকারী সচিব,প্রতিরক্ষা মন্ত্রণালয়,,,d9@mod.gov.bd,৮৮০১৯২২৮৯৮৮৪৩,scraped_contacts/rti_officers_all.json,2026-01-02T14:47:21.025Z
শামীমা শরমিন,সিনিয়র সহকারী সচিব,প্রতিরক্ষা মন্ত্রণালয়,,,d25@mod.gov.bd,৮৮০১৭১৭১৫৭৪৮৪,scraped_contacts/rti_officers_all.json,2026-01-02T14:47:21.025Z
জনাব মোঃ রফিকুল ইসলাম,সহকারী সচিব,খাদ্য মন্ত্রণালয়,,,admin1@mofood.gov.bd,৮৮০১৭৯৬৫৮২৯৮০,scraped_contacts/rti_officers_all.json,2026-01-02T14:47:21.025Z
জনাব মহিদুল ইসলাম খান,সহকারী সচিব,খাদ্য মন্ত্রণালয়,,,saslawcell@mofood.gov.bd,০১৭১৬২৬৪৬০৩,scraped_contacts/rti_officers_all.json,2026-01-02T14:47:21.025Z
জনাব তানজিলা খানম,সহকারী সচিব,শিক্ষা মন্ত্রণালয়,মাধ্যমিক ও উচ্চ শিক্ষা বিভাগ,,policy.reform@moedu.gov.bd,০১৭৮৮-৫৯৪২১৯,scraped_contacts/rti_officers_all.json,2026-01-02T14:47:21.025Z
জনাব মো: রফিকুল ইসলাম,সহকারী সচিব,শিক্ষা মন্ত্রণালয়,,,policy.reform@moedu.gov.bd,,scraped_contacts/rti_officers_all.json,2026-01-02T14:47:21.025Z
জনাব মোঃ জহুরুল আলম চৌধুরী,সিনিয়র সহকারী সচিব,কারিগরি ও মাদ্রাসা শিক্ষা বিভাগ,কারিগরি ও মাদ্রাসা শিক্ষা বিভাগ,,jsadmin2@tmed.gov.bd,০১৫৫০১৫৫০১৭,scraped_contacts/rti_officers_all.json,2026-01-02T14:47:21.025Z
সৈয়দ আসগর আলী,সিনিয়র সহকারী সচিব,কারিগরি ও মাদ্রাসা শিক্ষা বিভাগ,কারিগরি ও মাদ্রাসা শিক্ষা বিভাগ,,asmad1@tmed.gov.bd,01537414701,scraped_contacts/rti_officers_all.json,2026-01-02T14:47:21.025Z
জনাব ফারজানা খানম,সিনিয়র সহকারী সচিব,"বিদ্যুৎ, জ্বালানি ও খনিজ সম্পদ মন্ত্রণালয়",বিদ্যুৎ বিভাগ,,c.affairs-2@pd.gov.bd,৮৮০১৮৪৩২৩৮৪৩৪,scraped_contacts/rti_officers_all.json,2026-01-02T14:47:21.025Z
জনাব মোঃ মাজহারুল ইসলাম,সিনিয়র সহকারী সচিব,"বিদ্যুৎ, জ্বালানি ও খনিজ সম্পদ মন্ত্রণালয়",বিদ্যুৎ বিভাগ,,re-1@pd.gov.bd,৮৮০১৮১৯১৪৭৭৬২,scraped_contacts/rti_officers_all.json,2026-01-02T14:47:21.025Z
মোছা: লায়লাতুন ফেরদৌস,যুগ্মসচিব,জ্বালানি ও খনিজ সম্পদ বিভাগ,জ্বালানি ও খনিজ সম্পদ বিভাগ,,jsadmin2@emrd.gov.bd,৮৮০১৬৮২১৬৯৮৩৪,scraped_contacts/rti_officers_all.json,2026-01-02T14:47:21.025Z
মোঃ অলিউর রহমান,যুগ্মসচিব,জ্বালানি ও খনিজ সম্পদ বিভাগ,জ্বালানি ও খনিজ সম্পদ বিভাগ,,jsadmin3@emrd.gov.bd,৮৮০১৭১৬০৪৯৫১৭,scraped_contacts/rti_officers_all.json,2026-01-02T14:47:21.025Z
মোহাম্মদ রেজাউল করিম,যুগ্মসচিব,"পরিবেশ, বন ও জলবায়ু পরিবর্তন মন্ত্রণালয়",,,jsenv1@moef.gov.bd,০১৭৫০২৪০০১৪,scraped_contacts/rti_officers_all.json,2026-01-02T14:47:21.025Z
ড. মোঃ সাইফুর রহমান,যুগ্মসচিব,"পরিবেশ, বন ও জলবায়ু পরিবর্তন মন্ত্রণালয়",,,jsforest2@moef.gov.bd,01913144590,scraped_contacts/rti_officers_all.json,2026-01-02T14:47:21.025Z
মোহাম্মদ আহম্মেদ আলী,উপসচিব,মৎস্য ও প্রাণিসম্পদ মন্ত্রণালয়,,,ds_budget@mofl.gov.bd,০১৭১৬৬৬৯৭৬৮,scraped_contacts/rti_officers_all.json,2026-01-02T14:47:21.025Z
মোঃ আবদুর রহমান,উপসচিব,মৎস্য ও প্রাণিসম্পদ মন্ত্রণালয়,,,fisheries-2@mofl.gov.bd,০১৭১২৫৮২৩২৩,scraped_contacts/rti_officers_all.json,2026-01-02T14:47:21.025Z
Shajia Afroz,Deputy Secretary,অর্থ মন্ত্রণালয়,অর্থ বিভাগ,,admin-1@finance.gov.bd,55101357,scraped_contacts/rti_officers_all.json,2026-01-02T14:47:21.025Z
Md Humayun Kabir,Deputy Secretary,অর্থ মন্ত্রণালয়,অর্থ বিভাগ,,humayun@finance.gov.bd,01774973704,scraped_contacts/rti_officers_all.json,2026-01-02T14:47:21.025Z
Ahammad Ali,Senior Assistant Secretary,অর্থনৈতিক সম্পর্ক বিভাগ,অর্থনৈতিক সম্পর্ক বিভাগ,,budget@erd.gov.bd,01842430919,scraped_contacts/rti_officers_all.json,2026-01-02T14:47:21.025Z
Ridwanur Rahman,Senior Assistant Secretary,অর্থনৈতিক সম্পর্ক বিভাগ,অর্থনৈতিক সম্পর্ক বিভাগ,,admin4@erd.gov.bd,01777743238,scraped_contacts/rti_officers_all.json,2026-01-02T14:47:21.025Z
জনাব মোঃ হুমায়ুন কবীর,দায়িত্বপ্রাপ্ত কর্মকর্তা,অভ্যন্তরীণ সম্পদ বিভাগ,অভ্যন্তরীণ সম্পদ বিভাগ,,humayun.kabir@ird.gov.bd,৮৮০১৭১৬-০৯১০৫২,scraped_contacts/rti_officers_all.json,2026-01-02T14:47:21.025Z
মীনাক্ষী বর্মন,যুগ্ম সচিব,আর্থিক প্রতিষ্ঠান বিভাগ,আর্থিক প্রতিষ্ঠান বিভাগ,,ds.cbb@fid.gov.bd,01714031335,scraped_contacts/rti_officers_all.json,2026-01-02T14:47:21.025Z
মোহাম্মদ হেলাল উদ্দিন,যুগ্ম সচিব,আর্থিক প্রতিষ্ঠান বিভাগ,আর্থিক প্রতিষ্ঠান বিভাগ,,ds.audit@fid.gov.bd,171268855801712688558,scraped_contacts/rti_officers_all.json,2026-01-02T14:47:21.025Z
জনাব মোহাম্মদ রফিকুল আলম,পরিচালক,পররাষ্ট্র মন্ত্রণালয়,,,dgep@mofa.gov.bd,88০১৯৬৬২৬৮৪৭১,scraped_contacts/rti_officers_all.json,2026-01-02T14:47:21.025Z
জনাব এ এইচ এম মাসুম বিল্লাহ,পরিচালক,পররাষ্ট্র মন্ত্রণালয়,,,dirpd@mofa.gov.bd,০১৭৫৪০৬৮৫২০,scraped_contacts/rti_officers_all.json,2026-01-02T14:47:21.025Z
মো: আবদুল্লাহ হারুন,উপসচিব,স্বাস্থ্য শিক্ষা ও পরিবার কল্যাণ বিভাগ,স্বাস্থ্য শিক্ষা ও পরিবার কল্যাণ বিভাগ,,pi@mefwd.gov.bd,01712971786,scraped_contacts/rti_officers_all.json,2026-01-02T14:47:21.025Z
মুহাম্মদ মকবুল হোসেন,উপসচিব,স্বাস্থ্য শিক্ষা ও পরিবার কল্যাণ বিভাগ,স্বাস্থ্য শিক্ষা ও পরিবার কল্যাণ বিভাগ,,per2@mefwd.gov.bd,01760223388,scraped_contacts/rti_officers_all.json,2026-01-02T14:47:21.025Z
মুহাম্মদ আবদুল্যাহ আল জাবেদ,উপসচিব,স্বরাষ্ট্র মন্ত্রণালয়,জননিরাপত্তা বিভাগ,,admin1@mhapsd.gov.bd,৮৮০১৭১২৫৭৪৯২৯,scraped_contacts/rti_officers_all.json,2026-01-02T14:47:21.025Z
জাহাঙ্গীর আলম,উপসচিব,স্বরাষ্ট্র মন্ত্রণালয়,জননিরাপত্তা বিভাগ,,admin2@mhapsd.gov.bd,৮৮০১৭১৭৫১৭৬৫০,scraped_contacts/rti_officers_all.json,2026-01-02T14:47:21.025Z
মোহাম্মদ আবদুল কাদের শেখ,সিনিয়র সহকারী সচিব,সুরক্ষা সেবা বিভাগ,সুরক্ষা সেবা বিভাগ,,rti@ssd.gov.bd,০১৮৫১৮৮৯৮৫০,scraped_contacts/rti_officers_all.json,2026-01-02T14:47:21.025Z
নাইমা আফরোজ ইমা,সিনিয়র সহকারী সচিব,সুরক্ষা সেবা বিভাগ,সুরক্ষা সেবা বিভাগ,,law1@ssd.gov.bd,০১৬৮৮২৫৫৯০৮,scraped_contacts/rti_officers_all.json,2026-01-02T14:47:21.025Z
জনাব মোহাম্মদ আবদুল আওয়াল,উপসচিব,গৃহায়ন ও গণপূর্ত মন্ত্রণালয়,,,dsadmin2@mohpw.gov.bd,০১৫১২৫৫৫৬৬৬,scraped_contacts/rti_officers_all.json,2026-01-02T14:47:21.025Z
জনাব তাসমিন ফারহানা,উপসচিব,গৃহায়ন ও গণপূর্ত মন্ত্রণালয়,,,plansection1@mohpw.gov.bd,০১৮১৬-৮৮৯২৩৫,scraped_contacts/rti_officers_all.json,2026-01-02T14:47:21.025Z
জনাব নূরুন নাহার,সিনিয়র সহকারী সচিব,শিল্প মন্ত্রণালয়,,,dsdps@moind.gov.bd,০১৫৫০১৫৩৬১২,scraped_contacts/rti_officers_all.json,2026-01-02T14:47:21.025Z
জনাব সিদ্ধার্থ ভৌমিক,সিনিয়র সহকারী সচিব,শিল্প মন্ত্রণালয়,,,sasest@moind.gov.bd,০১৭১৮০৯৫২৭১,scraped_contacts/rti_officers_all.json,2026-01-02T14:47:21.025Z
খাদিজা তাহেরা ববি,উপসচিব,তথ্য ও সম্প্রচার মন্ত্রণালয়,,,press2@moi.gov.bd,০১৭১১৯৫৪৩৮৭,scraped_contacts/rti_officers_all.json,2026-01-02T14:47:21.025Z
মোঃ মাসুদ খাঁন,উপসচিব,তথ্য ও সম্প্রচার মন্ত্রণালয়,,,press1@moi.gov.bd,০১৭১১১১৩৯৭১,scraped_contacts/rti_officers_all.json,2026-01-02T14:47:21.025Z
জনাব রায়না আহমদ,সিনিয়র সহকারী সচিব,বস্ত্র ও পাট মন্ত্রণালয়,,,raina.ahmad@yahoo.com,০১৭১১৩৯৪৯৭৯,scraped_contacts/rti_officers_all.json,2026-01-02T14:47:21.025Z
ফাতেমা তুজ জোহরা উপমা,সিনিয়র সহকারী সচিব,বস্ত্র ও পাট মন্ত্রণালয়,,,upoma62@gmail.com,০১৫৫৬৩২২৯০৩,scraped_contacts/rti_officers_all.json,2026-01-02T14:47:21.025Z
জনাব সারবিন চৌধুরী,সহকারী সচিব,শ্রম ও কর্মসংস্থান মন্ত্রণালয়,,,section8@mole.gov.bd,০১৫৫২৩৬২৬৯১,scraped_contacts/rti_officers_all.json,2026-01-02T14:47:21.025Z
জনাব মোঃ মোস্তাফিজুর রহমান,সহকারী সচিব,শ্রম ও কর্মসংস্থান মন্ত্রণালয়,,,section2@mole.gov.bd,০১৭৪২৭৫৬৮৫২,scraped_contacts/rti_officers_all.json,2026-01-02T14:47:21.025Z
শাহরিয়ার আরাফাত,সিনিয়র সহকারী সচিব,"আইন, বিচার ও সংসদ বিষয়ক মন্ত্রণালয়",আইন ও বিচার বিভাগ,,ds.opinion3@gmail.com,01819436048,scraped_contacts/rti_officers_all.json,2026-01-02T14:47:21.025Z
মোঃ আব্বাস উদ্দীন,সিনিয়র সহকারী সচিব,"আইন, বিচার ও সংসদ বিষয়ক মন্ত্রণালয়",আইন ও বিচার বিভাগ,,sas.training1@lawjusticediv.gov.bd,01674059174,scraped_contacts/rti_officers_all.json,2026-01-02T14:47:21.025Z
মোঃ মুনিরুজ্জামান,সিনিয়র সহকারী সচিব (ড্রাফটিং) ও সচিবের একান্ত সচিব,লেজিসলেটিভ ও সংসদ বিষয়ক বিভাগ,লেজিসলেটিভ ও সংসদ বিষয়ক বিভাগ,,munir@legislativediv.gov.bd,০১৭১২৬৮১৮১৩,scraped_contacts/rti_officers_all.json,2026-01-02T14:47:21.025Z
মোঃ আশিকুজ্জামান,সিনিয়র সহকারী সচিব (ড্রাফটিং) ও সচিবের একান্ত সচিব,লেজিসলেটিভ ও সংসদ বিষয়ক বিভাগ,লেজিসলেটিভ ও সংসদ বিষয়ক বিভাগ,,ma.zaman@legislativediv.gov.bd,০১৯১২৮০৪৩৫২,scraped_contacts/rti_officers_all.json,2026-01-02T14:47:21.025Z
মোহাম্মদ তোফাজ্জল হোসেন,সিনিয়র সহকারী সচিব,ভূমি মন্ত্রণালয়,,,audit@minland.gov.bd,৮৮০১৭১১১৪১৫০৯,scraped_contacts/rti_officers_all.json,2026-01-02T14:47:21.025Z
তুষার আহমেদ,সিনিয়র সহকারী সচিব,ভূমি মন্ত্রণালয়,,,law4@minland.gov.bd,৮৮০১৮১৬৭১৮১৮৪,scraped_contacts/rti_officers_all.json,2026-01-02T14:47:21.025Z
মুহাম্মদ মাহবুবুল হক,সিনিয়র সহকারী সচিব,"স্থানীয় সরকার, পল্লী উন্নয়ন ও সমবায় মন্ত্রণালয়",স্থানীয় সরকার বিভাগ,,mebr@lgd.gov.bd,০১৭১২০৯৭৭৩৩,scraped_contacts/rti_officers_all.json,2026-01-02T14:47:21.025Z
মো: মোশারেফ হোসেন,সিনিয়র সহকারী সচিব,"স্থানীয় সরকার, পল্লী উন্নয়ন ও সমবায় মন্ত্রণালয়",স্থানীয় সরকার বিভাগ,,lgmoni1@lgd.gov.bd,০১৭২৩২০০৯১১,scraped_contacts/rti_officers_all.json,2026-01-02T14:47:21.025Z
তাহমিনা তাছলীম,সহকারী সচিব,পরিকল্পনা মন্ত্রণালয়,পরিকল্পনা বিভাগ,,tahmina406@yahoo.com,০১৭২৬৯০৫০৯৮,scraped_contacts/rti_officers_all.json,2026-01-02T14:47:21.025Z
শিউলী রাণী বালা,সহকারী সচিব,পরিকল্পনা মন্ত্রণালয়,পরিকল্পনা বিভাগ,,shewlybala13@gmail.com,০১৬১২৪১৪০৫৫,scraped_contacts/rti_officers_all.json,2026-01-02T14:47:21.025Z
মোঃ মাহবুর রহমান শেখ,উপসচিব,পরিসংখ্যান ও তথ্য ব্যবস্থাপনা বিভাগ,পরিসংখ্যান ও তথ্য ব্যবস্থাপনা বিভাগ,,info1@sid.gov.bd,০১৮৬৫৬৭৩০৩০,scraped_contacts/rti_officers_all.json,2026-01-02T14:47:21.025Z
মুনিরা ইসলাম,উপসচিব,পরিসংখ্যান ও তথ্য ব্যবস্থাপনা বিভাগ,পরিসংখ্যান ও তথ্য ব্যবস্থাপনা বিভাগ,,info2@sid.gov.bd,০১৭১৬৫৯৩২২৬,scraped_contacts/rti_officers_all.json,2026-01-02T14:47:21.025Z
রহিমা খাতুন,প্রোগ্রামার,বাস্তবায়ন পরিবীক্ষণ ও মূল্যায়ন বিভাগ,বাস্তবায়ন পরিবীক্ষণ ও মূল্যায়ন বিভাগ,,dscord@imed.gov.bd,০১৭৩৪৬৭৩৯১২,scraped_contacts/rti_officers_all.json,2026-01-02T14:47:21.025Z
মোহাম্মদ মোয়াজ্জেম হোসেন,প্রোগ্রামার,বাস্তবায়ন পরিবীক্ষণ ও মূল্যায়ন বিভাগ,বাস্তবায়ন পরিবীক্ষণ ও মূল্যায়ন বিভাগ,,prog_plan@imed.gov.bd,০১৭১৮৩৬৯৩০৩,scraped_contacts/rti_officers_all.json,2026-01-02T14:47:21.025Z
মোঃ মামুনুর রশিদ,প্রোগ্রামার,"ডাক, টেলিযোগাযোগ ও তথ্যপ্রযুক্তি মন্ত্রণালয়",ডাক ও টেলিযোগাযোগ বিভাগ,,telecom1@ptd.gov.bd,০১৭১২-২৯৪২৭০,scraped_contacts/rti_officers_all.json,2026-01-02T14:47:21.025Z
মোঃ জাকির হোসেন,প্রোগ্রামার,"ডাক, টেলিযোগাযোগ ও তথ্যপ্রযুক্তি মন্ত্রণালয়",ডাক ও টেলিযোগাযোগ বিভাগ,,programmer@ptd.gov.bd,৮৮-০১৯১২১২১৭৪৫,scraped_contacts/rti_officers_all.json,2026-01-02T14:47:21.025Z
মোহাম্মদ আমিনুল এহসান,সিনিয়র সহকারী সচিব,তথ্য ও যোগাযোগ প্রযুক্তি বিভাগ,তথ্য ও যোগাযোগ প্রযুক্তি বিভাগ,,rti@ictd.gov.bd,01721993832,scraped_contacts/rti_officers_all.json,2026-01-02T14:47:21.025Z
শাহানারা খানম,সিনিয়র সহকারী সচিব,তথ্য ও যোগাযোগ প্রযুক্তি বিভাগ,,,rti@ictd.gov.bd,01680246756,scraped_contacts/rti_officers_all.json,2026-01-02T14:47:21.025Z
মো: আব্দুল্লা-আল-শাহীন,উপসচিব,ধর্ম বিষয়ক মন্ত্রণালয়,,,ds_law@mora.gov.bd,01711473876,scraped_contacts/rti_officers_all.json,2026-01-02T14:47:21.025Z
মোহা: রুহুল আমিন,উপসচিব,ধর্ম বিষয়ক মন্ত্রণালয়,,,ds_org@mora.gov.bd,01778079999,scraped_contacts/rti_officers_all.json,2026-01-02T14:47:21.025Z
আবু দাউদ মোঃ গোলাম মোস্তফা,উপ সচিব,দুর্যোগ ব্যবস্থাপনা ও ত্রাণ মন্ত্রণালয়,,,jsadmin@modmr.gov.bd,01711581821,scraped_contacts/rti_officers_all.json,2026-01-02T14:47:21.025Z
মো: জাহাঙ্গীর আলম,উপ সচিব,দুর্যোগ ব্যবস্থাপনা ও ত্রাণ মন্ত্রণালয়,,,dsadmin@modmr.gov.bd,01718560636,scraped_contacts/rti_officers_all.json,2026-01-02T14:47:21.025Z
মোঃ গোলাম রাব্বী,সিনিয়র সহকারী সচিব,নৌ-পরিবহন মন্ত্রণালয়,,,js.planning@mos.gov.bd,০১৭১৬-৭৯৫৭১১,scraped_contacts/rti_officers_all.json,2026-01-02T14:47:21.025Z
এ. টি. এম. মোর্শেদ,সিনিয়র সহকারী সচিব,নৌ-পরিবহন মন্ত্রণালয়,,,sas.law@mos.gov.bd,০১৬৭২-০১৯৬৫৬,scraped_contacts/rti_officers_all.json,2026-01-02T14:47:21.025Z
মোছা: হাজেরা খাতুন,সহকারী সচিব,সমাজকল্যাণ মন্ত্রণালয়,,,jslaw@msw.gov.bd,০১৮৩১৫২৫৯৮৮,scraped_contacts/rti_officers_all.json,2026-01-02T14:47:21.025Z
মাহমুদা ইয়াছমিন,সহকারী সচিব,সমাজকল্যাণ মন্ত্রণালয়,,,yeasminmahmoda@yahoo.com,৮৮০ ০১৭৪৬১১১৭০১,scraped_contacts/rti_officers_all.json,2026-01-02T14:47:21.025Z
জনাব শাহীন আক্তার,উপসচিব,মহিলা ও শিশু বিষয়ক মন্ত্রণালয়,,,admin-3@mowca.gov.bd,৮৮০১৭৮০৮৭৪৭৭৪,scraped_contacts/rti_officers_all.json,2026-01-02T14:47:21.025Z
সাবিহা ইয়াসমীন,উপসচিব,মহিলা ও শিশু বিষয়ক মন্ত্রণালয়,,,dsadmin@mowca.gov.bd,৮৮০১৭৮৭৬৬০৪১৪,scraped_contacts/rti_officers_all.json,2026-01-02T14:47:21.025Z
মো: মাসুম রেজা,সিনিয়র সহকারী সচিব,পানি সম্পদ মন্ত্রণালয়,,,admin1@mowr.gov.bd,০১৭১৬৪৮৮৫৪৮,scraped_contacts/rti_officers_all.json,2026-01-02T14:47:21.025Z
মো: আবু রায়হান দোলন,সিনিয়র সহকারী সচিব,পানি সম্পদ মন্ত্রণালয়,,,admin3@mowr.gov.bd,০১৭১১০৪৫৮৪৫,scraped_contacts/rti_officers_all.json,2026-01-02T14:47:21.025Z
জনাব মোঃ লিয়াকত আলী,উপসচিব,যুব ও ক্রীড়া মন্ত্রণালয়,,,js.coordination@moysports.gov.bd,০১৭১১৯০৪৪৬৮,scraped_contacts/rti_officers_all.json,2026-01-02T14:47:21.025Z
জনাব মোহাম্মদ সিরাজুর রহমান ভূঞা,উপসচিব,যুব ও ক্রীড়া মন্ত্রণালয়,,,saraj.bhuiyan@yahoo.com,০১৭১৩৩১০৯৬০,scraped_contacts/rti_officers_all.json,2026-01-02T14:47:21.025Z
আব্দুল্লাহ আল খায়রুম,উপসচিব,মুক্তিযুদ্ধ বিষয়ক মন্ত্রণালয়,,,khayrum25bcs@yahoo.com,01712444752,scraped_contacts/rti_officers_all.json,2026-01-02T14:47:21.025Z
শিমুল কুমার সাহা,সিনিয়র সহকারী সচিব,প্রবাসী কল্যাণ ও বৈদেশিক কর্মসংস্থান মন্ত্রণালয়,,,dsparliament@probashi.gov.bd,০২-৪১০৩০২৪৯,scraped_contacts/rti_officers_all.json,2026-01-02T14:47:21.025Z
রোজলিন শহীদ চৌধুরী,সিনিয়র সহকারী সচিব,প্রবাসী কল্যাণ ও বৈদেশিক কর্মসংস্থান মন্ত্রণালয়,,,sasadmin@probashi.gov.bd,০১৯৫৫৩৮৩৬০৩,scraped_contacts/rti_officers_all.json,2026-01-02T14:47:21.025Z
জনাব মোহাম্মদ জামাল হোসেন,উপসচিব,রেলপথ মন্ত্রণালয়,,,dsime@mor.gov.bd,০১৮১৮৩৯৮৪১১,scraped_contacts/rti_officers_all.json,2026-01-02T14:47:21.025Z
জনাব মোঃ সাইফুল ইসলাম,উপসচিব,রেলপথ মন্ত্রণালয়,,,saifuldrdls@gmail.com,০১৭১২৫৩২৯০৮,scraped_contacts/rti_officers_all.json,2026-01-02T14:47:21.025Z
দেবাশিস কুমার দাস,সিনিয়র সহকারী সচিব,বিজ্ঞান ও প্রযুক্তি মন্ত্রণালয়,,,admin3@most.gov.bd,০১৭১১-৫০৪০২৩,scraped_contacts/rti_officers_all.json,2026-01-02T14:47:21.025Z
মোহাম্মদ আলী সিদ্দিকী,সিনিয়র সহকারী সচিব,বিজ্ঞান ও প্রযুক্তি মন্ত্রণালয়,,,admin4@most.gov.bd,০১৭৭২ ১১৬৩৩১,scraped_contacts/rti_officers_all.json,2026-01-02T14:47:21.025Z
জনাব মোহাম্মদ আব্দুল মান্নান,সিনিয়র সহকারী পরিচালক,বাংলাদেশ বিশ্ববিদ্যালয় মঞ্জুরী কমিশন,বাংলাদেশ বিশ্ববিদ্যালয় মঞ্জুরী কমিশন,,mamannan_dh@yahoo.com,০১৭৩১-৩৬৯২৯১,scraped_contacts/rti_officers_all.json,2026-01-02T14:47:21.025Z
মোঃ ইমরান হোসেন,সিনিয়র সহকারী পরিচালক,বাংলাদেশ বিশ্ববিদ্যালয় মঞ্জুরী কমিশন,বাংলাদেশ বিশ্ববিদ্যালয় মঞ্জুরী কমিশন,,imran.dumcj@gmail.com,০১৯১৬-২৪৩৫৫৫,scraped_contacts/rti_officers_all.json,2026-01-02T14:47:21.025Z
নাম,ড. শেখ আব্দুর রশীদ (১৫৩০),মন্ত্রিপরিষদ বিভাগ,,,,,https://cabinet.gov.bd/pages/officers/,
পদবি,,মন্ত্রিপরিষদ বিভাগ,,,,,https://cabinet.gov.bd/pages/officers/,
অফিস,মন্ত্রিপরিষদ বিভাগ,মন্ত্রিপরিষদ বিভাগ,,,,,https://cabinet.gov.bd/pages/officers/,
ইমেইল,cab_secy@cabinet.gov.bd,মন্ত্রিপরিষদ বিভাগ,,,cab_secy@cabinet.gov.bd,,https://cabinet.gov.bd/pages/officers/,
ফোন (অফিস),০২-২২৬৬৪১৪৪৪,মন্ত্রিপরিষদ বিভাগ,,,,,https://cabinet.gov.bd/pages/officers/,
ইন্টারকম,১০১,মন্ত্রিপরিষদ বিভাগ,,,,,https://cabinet.gov.bd/pages/officers/,
কক্ষ নম্বর,৪০১,মন্ত্রিপরিষদ বিভাগ,,,,,https://cabinet.gov.bd/pages/officers/,
মোবাইল,+৮৮০১৩১০৩০৮১১৯,মন্ত্রিপরিষদ বিভাগ,,,,,https://cabinet.gov.bd/pages/officers/,
ফ্যাক্স,২২৩৩৮৬৫৫৯,মন্ত্রিপরিষদ বিভাগ,,,,,https://cabinet.gov.bd/pages/officers/,
নাম,ড. মুহাম্মদ ইউনূস,জনপ্রশাসন মন্ত্রণালয়,,,,,https://mopa.gov.bd/pages/officers/,
পদবি,,জনপ্রশাসন মন্ত্রণালয়,,,,,https://mopa.gov.bd/pages/officers/,
অফিস,জনপ্রশাসন মন্ত্রণালয়,জনপ্রশাসন মন্ত্রণালয়,,,,,https://mopa.gov.bd/pages/officers/,
ইমেইল,secretary@mopa.gov.bd,জনপ্রশাসন মন্ত্রণালয়,,,secretary@mopa.gov.bd,,https://mopa.gov.bd/pages/officers/,
ফোন (অফিস),+৮৮-০২-২২৩৩৯০১০০,জনপ্রশাসন মন্ত্রণালয়,,,,,https://mopa.gov.bd/pages/officers/,
ইন্টারকম,১০১,জনপ্রশাসন মন্ত্রণালয়,,,,,https://mopa.gov.bd/pages/officers/,
কক্ষ নম্বর,-,জনপ্রশাসন মন্ত্রণালয়,,,,,https://mopa.gov.bd/pages/officers/,
মোবাইল,০১৭০০৭১৭৭১১,জনপ্রশাসন মন্ত্রণালয়,,,,,https://mopa.gov.bd/pages/officers/,
ফ্যাক্স,,জনপ্রশাসন মন্ত্রণালয়,,,,,https://mopa.gov.bd/pages/officers/,
নাম,সৈয়দা রিজওয়ানা হাসান,তথ্য ও সম্প্রচার মন্ত্রণালয়,,,,,https://moi.gov.bd/pages/officers/,
পদবি,,তথ্য ও সম্প্রচার মন্ত্রণালয়,,,,,https://moi.gov.bd/pages/officers/,
অফিস,তথ্য ও সম্প্রচার মন্ত্রণালয়,তথ্য ও সম্প্রচার মন্ত্রণালয়,,,,,https://moi.gov.bd/pages/officers/,
ইমেইল,adviser@moi.gov.bd,তথ্য ও সম্প্রচার মন্ত্রণালয়,,,adviser@moi.gov.bd,,https://moi.gov.bd/pages/officers/,
ফোন (অফিস),৫৫১০০০২২,তথ্য ও সম্প্রচার মন্ত্রণালয়,,,,,https://moi.gov.bd/pages/officers/,
ইন্টারকম,,তথ্য ও সম্প্রচার মন্ত্রণালয়,,,,,https://moi.gov.bd/pages/officers/,
কক্ষ নম্বর,,তথ্য ও সম্প্রচার মন্ত্রণালয়,,,,,https://moi.gov.bd/pages/officers/,
মোবাইল,০১৭১২১২৭০১০,তথ্য ও সম্প্রচার মন্ত্রণালয়,,,,,https://moi.gov.bd/pages/officers/,
ফ্যাক্স,০২২২৩৩৫৬৬১৭,তথ্য ও সম্প্রচার মন্ত্রণালয়,,,,,https://moi.gov.bd/pages/officers/,
নাম,লেফটেন্যান্ট জেনারেল মোঃ জাহাঙ্গীর আলম চৌধুরী (অব.),স্বরাষ্ট্র মন্ত্রণালয়,,,,,https://moha.gov.bd/pages/officers/,
পদবি,,স্বরাষ্ট্র মন্ত্রণালয়,,,,,https://moha.gov.bd/pages/officers/,
অফিস,স্বরাষ্ট্র মন্ত্রণালয়,স্বরাষ্ট্র মন্ত্রণালয়,,,,,https://moha.gov.bd/pages/officers/,
ইমেইল,adviser@moha.gov.bd,স্বরাষ্ট্র মন্ত্রণালয়,,,adviser@moha.gov.bd,,https://moha.gov.bd/pages/officers/,
ফোন (অফিস),+৮৮০২২২৩৩৫৪৮০০,স্বরাষ্ট্র মন্ত্রণালয়,,,,,https://moha.gov.bd/pages/officers/,
ইন্টারকম,২০১,স্বরাষ্ট্র মন্ত্রণালয়,,,,,https://moha.gov.bd/pages/officers/,
কক্ষ নম্বর,৩০৭,স্বরাষ্ট্র মন্ত্রণালয়,,,,,https://moha.gov.bd/pages/officers/,
মোবাইল,০১৫৫০০৬৪২০১,স্বরাষ্ট্র মন্ত্রণালয়,,,,,https://moha.gov.bd/pages/officers/,
ফ্যাক্স,০২-৯৫৭৪৫০০,স্বরাষ্ট্র মন্ত্রণালয়,,,,,https://moha.gov.bd/pages/officers/,
নাম,জনাব মোঃ তৌহিদ হোসেন,পররাষ্ট্র মন্ত্রণালয়,,,,,https://mofa.gov.bd/pages/officers/,
পদবি,,পররাষ্ট্র মন্ত্রণালয়,,,,,https://mofa.gov.bd/pages/officers/,
অফিস,মাননীয় উপদেষ্টার দপ্তর,পররাষ্ট্র মন্ত্রণালয়,,,,,https://mofa.gov.bd/pages/officers/,
ইমেইল,fa@mofa.gov.bd,পররাষ্ট্র মন্ত্রণালয়,,,fa@mofa.gov.bd,,https://mofa.gov.bd/pages/officers/,
ফোন (অফিস),০২২২৩৩৮২৮৫২,পররাষ্ট্র মন্ত্রণালয়,,,,,https://mofa.gov.bd/pages/officers/,
ইন্টারকম,,পররাষ্ট্র মন্ত্রণালয়,,,,,https://mofa.gov.bd/pages/officers/,
কক্ষ নম্বর,,পররাষ্ট্র মন্ত্রণালয়,,,,,https://mofa.gov.bd/pages/officers/,
মোবাইল,০১৫৫৩৫৪৩৮৭৫,পররাষ্ট্র মন্ত্রণালয়,,,,,https://mofa.gov.bd/pages/officers/,
ফ্যাক্স,,পররাষ্ট্র মন্ত্রণালয়,,,,,https://mofa.gov.bd/pages/officers/,
নাম,,স্বাস্থ্য ও পরিবার কল্যাণ মন্ত্রণালয়,,,,,https://mohfw.gov.bd/pages/officers/,
পদবি,,স্বাস্থ্য ও পরিবার কল্যাণ মন্ত্রণালয়,,,,,https://mohfw.gov.bd/pages/officers/,
অফিস,,স্বাস্থ্য ও পরিবার কল্যাণ মন্ত্রণালয়,,,,,https://mohfw.gov.bd/pages/officers/,
ইমেইল,,স্বাস্থ্য ও পরিবার কল্যাণ মন্ত্রণালয়,,,,,https://mohfw.gov.bd/pages/officers/,
ফোন (অফিস),,স্বাস্থ্য ও পরিবার কল্যাণ মন্ত্রণালয়,,,,,https://mohfw.gov.bd/pages/officers/,
ইন্টারকম,,স্বাস্থ্য ও পরিবার কল্যাণ মন্ত্রণালয়,,,,,https://mohfw.gov.bd/pages/officers/,
কক্ষ নম্বর,,স্বাস্থ্য ও পরিবার কল্যাণ মন্ত্রণালয়,,,,,https://mohfw.gov.bd/pages/officers/,
মোবাইল,,স্বাস্থ্য ও পরিবার কল্যাণ মন্ত্রণালয়,,,,,https://mohfw.gov.bd/pages/officers/,
ফ্যাক্স,,স্বাস্থ্য ও পরিবার কল্যাণ মন্ত্রণালয়,,,,,https://mohfw.gov.bd/pages/officers/,
নাম,লেফটেন্যান্ট জেনারেল মোঃ জাহাঙ্গীর আলম চৌধুরী (অব.),কৃষি মন্ত্রণালয়,,,,,https://moa.gov.bd/pages/officers/,
পদবি,,কৃষি মন্ত্রণালয়,,,,,https://moa.gov.bd/pages/officers/,
অফিস,কৃষি মন্ত্রণালয়,কৃষি মন্ত্রণালয়,,,,,https://moa.gov.bd/pages/officers/,
ইমেইল,adviser@moa.gov.bd,কৃষি মন্ত্রণালয়,,,adviser@moa.gov.bd,,https://moa.gov.bd/pages/officers/,
ফোন (অফিস),০২-৫৫১০০৩৫৯,কৃষি মন্ত্রণালয়,,,,,https://moa.gov.bd/pages/officers/,
ইন্টারকম,১১২,কৃষি মন্ত্রণালয়,,,,,https://moa.gov.bd/pages/officers/,
কক্ষ নম্বর,৪২৪,কৃষি মন্ত্রণালয়,,,,,https://moa.gov.bd/pages/officers/,
মোবাইল,০১৯১২৭২১২৩৬,কৃষি মন্ত্রণালয়,,,,,https://moa.gov.bd/pages/officers/,
ফ্যাক্স,--,কৃষি মন্ত্রণালয়,,,,,https://moa.gov.bd/pages/officers/,
ডাঃ মোহাম্মদ মহিবুল হাসান,,প্রধান উপদেষ্টার কার্যালয়,,,,৮৮-০২-৫৫০২৯৪৩৪,RTI officers - Sheet3.csv,2026-01-02T15:09:43.253Z
র. হ. ম. আলাওল কবির,পরিচালক-১২,প্রধান উপদেষ্টার কার্যালয়,,,,৮৮-০২-৫৫০২৯৪৩২,RTI officers - Sheet3.csv,2026-01-02T15:09:43.253Z
জনাব মো: সাইফুদ্দিন গিয়াস,,জনপ্রশাসন মন্ত্রণালয়,,,adminfa@mopa.gov.bd,০১৭১০১৭৩৭৭০,RTI officers - Sheet3.csv,2026-01-02T15:09:43.253Z
জনাব মোঃ আলমগীর কবীর,সিনিয়র সহকারী সচিব,জনপ্রশাসন মন্ত্রণালয়,,,adminprint@mopa.gov.bd,০১৭১৭৪৫৪৫৬৭,RTI officers - Sheet3.csv,2026-01-02T15:09:43.253Z
মোঃ রাশেদুজ্জামান সরকার,,,বাংলাদেশ সরকারী কর্মকমিশন সচিবালয়,,,৫৫০০৬৫৮৯,RTI officers - Sheet3.csv,2026-01-02T15:09:43.253Z
উম্মে আছমা আয়শা,বি.সি.এস (ক্যাডার) এবং পরিচালক,,বাংলাদেশ সরকারী কর্মকমিশন সচিবালয়,,,৫৫০০৬৬৪৭,RTI officers - Sheet3.csv,2026-01-02T15:09:43.253Z
মোঃ আবু সুফিয়ান,,স্বাস্থ্য ও পরিবার কল্যাণ মন্ত্রণালয়,স্বাস্থ্য সেবা বিভাগ,,admin2@hsd.gov.bd,০১৭১৭-৪৭৩২৪২,RTI officers - Sheet3.csv,2026-01-02T15:09:43.253Z
স্নেহাশীষ দাশ,সিনিয়র সহকারী সচিব,স্বাস্থ্য ও পরিবার কল্যাণ মন্ত্রণালয়,স্বাস্থ্য সেবা বিভাগ,,health2@hsd.gov.bd,০১৭১১-৭০১৭৫৭,RTI officers - Sheet3.csv,2026-01-02T15:09:43.253Z
তাহ্‌নিয়া রহমান চৌধুরী,,,পল্লী উন্নয়ন ও সমবায় বিভাগ,,plan3.section@rdcd.gov.bd,৮৮-০১৭১৬-৩৯৩১১৩,RTI officers - Sheet3.csv,2026-01-02T15:09:43.253Z
"এস, টি, এ, পারভীন",সহকারী সচিব,,পল্লী উন্নয়ন ও সমবায় বিভাগ,,as.budget1@rdcd.gov.bd,৮৮-০১৭৩৩-৭৩১৬৩২,RTI officers - Sheet3.csv,2026-01-02T15:09:43.253Z
ড. সৈয়দা ফারহানা নূর চৌধুরী,,মুক্তিযুদ্ধ বিষয়ক মন্ত্রণালয়,,,,০১৭১১১৭৪৫৩৭,RTI officers - Sheet3.csv,2026-01-02T15:09:43.253Z