Ministry,Division,Office,Primary_Officer_Name,Primary_Designation,Primary_Phone,Primary_Mobile,Primary_Email,Primary_Address,Primary_Image_URL,Alternate_Officer_Name,Alternate_Designation,Alternate_Phone,Alternate_Mobile,Alternate_Email,Alternate_Address,Alternate_Image_URL,Appellate_Officer_Name,Appellate_Designation,Appellate_Phone,Appellate_Mobile,Appellate_Email,Appellate_Address,Appellate_Image_URL,Website_Link,Last_Updated
অর্থ মন্ত্রণালয়,অভ্যন্তরীণ সম্পদ বিভাগ,অভ্যন্তরীণ সম্পদ বিভাগ,,,,,,,,,,,,,,,,,,,,,,https://ird.gov.bd/views/info-officers,2026-09-25
অর্থ মন্ত্রণালয়,অভ্যন্তরীণ সম্পদ বিভাগ,জাতীয় রাজস্ব বোর্ড,,,,,,,,,,,,,,,,,,,,,,https://nbr.gov.bd/information-library/oicaa/eng,2026-09-28
অর্থ মন্ত্রণালয়,অভ্যন্তরীণ সম্পদ বিভাগ,জাতীয় সঞ্চয় অধিদপ্তর,,,,,,,,,,,,,,,,,,,,,,https://nationalsavings.gov.bd/views/info-officers,2026-09-28
অর্থ মন্ত্রণালয়,অর্থ বিভাগ,অর্থ বিভাগ,,,,,,,,,,,,,,,,,,,,,,https://mof.gov.bd/views/info-officers,2026-09-25
অর্থ মন্ত্রণালয়,অর্থনৈতিক সম্পর্ক বিভাগ,অর্থনৈতিক সম্পর্ক বিভাগ,,,,,,,,,,,,,,,,,,,,,,https://erd.gov.bd/views/info-officers,2026-09-25
অর্থ মন্ত্রণালয়,আর্থিক প্রতিষ্ঠান বিভাগ,আর্থিক প্রতিষ্ঠান বিভাগ,,,,,,,,,,,,,,,,,,,,,,https://fid.gov.bd/views/info-officers,2026-09-25
অর্থ মন্ত্রণালয়,আর্থিক প্রতিষ্ঠান বিভাগ,ইনভেস্টমেন্ট কর্পোরেশন অব বাংলাদেশ,,,,,,,,,,,,,,,,,,,,,,https://icb.gov.bd/views/info-officers,2026-09-28
অর্থ মন্ত্রণালয়,আর্থিক প্রতিষ্ঠান বিভাগ,কর্মসংস্থান ব্যাংক,,,,,,,,,,,,,,,,,,,,,,https://kb.gov.bd/views/info-officers,2026-09-28
অর্থ মন্ত্রণালয়,আর্থিক প্রতিষ্ঠান বিভাগ,জীবন বীমা কর্পোরেশন,,,,,,,,,,,,,,,,,,,,,,https://jbc.gov.bd/views/info-officers,2026-09-28
অর্থ মন্ত্রণালয়,আর্থিক প্রতিষ্ঠান বিভাগ,বাংলাদেশ কৃষি ব্যাংক,,,,,,,,,,,,,,,,,,,,,,https://krishibank.gov.bd/views/info-officers,2026-09-28
অর্থ মন্ত্রণালয়,আর্থিক প্রতিষ্ঠান বিভাগ,বাংলাদেশ সিকিউরিটিজ এন্ড একচেঞ্জ কমিশন,,,,,,,,,,,,,,,,,,,,,,https://sec.gov.bd/views/info-officers,2026-09-28
অর্থ মন্ত্রণালয়,আর্থিক প্রতিষ্ঠান বিভাগ,মাইক্রোক্রেডিট রেগুলেটরী অথরিটি,,,,,,,,,,,,,,,,,,,,,,https://mra.gov.bd/views/info-officers,2026-09-28
অর্থ মন্ত্রণালয়,আর্থিক প্রতিষ্ঠান বিভাগ,সাধারণ বীমা কর্পোরেশন,,,,,,,,,,,,,,,,,,,,,,https://sbc.gov.bd/views/info-officers,2026-09-28
"আইন, বিচার ও সংসদ বিষয়ক মন্ত্রণালয়",আইন ও বিচার বিভাগ,আইন ও বিচার বিভাগ,,,,,,,,,,,,,,,,,,,,,,https://lawjusticediv.gov.bd/views/info-officers,2026-09-25
"আইন, বিচার ও সংসদ বিষয়ক মন্ত্রণালয়",আইন ও বিচার বিভাগ,নিবন্ধন অধিদপ্তর,,,,,,,,,,,,,,,,,,,,,,https://rd.gov.bd/views/info-officers,2026-09-28
"আইন, বিচার ও সংসদ বিষয়ক মন্ত্রণালয়","আইন, বিচার ও সংসদ বিষয়ক মন্ত্রণালয়","আইন, বিচার ও সংসদ বিষয়ক মন্ত্রণালয়",,,,,,,,,,,,,,,,,,,,,,https://minlaw.gov.bd/views/info-officers,সেপ্টেম্বর ২০২৬
"আইন, বিচার ও সংসদ বিষয়ক মন্ত্রণালয়",বাংলাদেশ জাতীয় সংসদ সচিবালয়,বাংলাদেশ জাতীয় সংসদ সচিবালয়,,,,,,,,,,,,,,,,,,,,,,https://parliament.gov.bd/views/info-officers,সেপ্টেম্বর ২০২৬
"আইন, বিচার ও সংসদ বিষয়ক মন্ত্রণালয়",লেজিসলেটিভ ও সংসদ বিষয়ক বিভাগ,জাতীয় মানবাধিকার কমিশন বাংলাদেশ,,,,,,,,,,,,,,,,,,,,,,https://nhrc.org.bd/views/info-officers,2026-09-28
"আইন, বিচার ও সংসদ বিষয়ক মন্ত্রণালয়",লেজিসলেটিভ ও সংসদ বিষয়ক বিভাগ,লেজিসলেটিভ ও সংসদ বিষয়ক বিভাগ,,,,,,,,,,,,,,,,,,,,,,https://legislativediv.gov.bd/views/info-officers,2026-09-25
কৃষি মন্ত্রণালয়,কৃষি মন্ত্রণালয়,কৃষি মন্ত্রণালয়,,,,,,,,,,,,,,,,,,,,,,https://moa.gov.bd/views/info-officers,2026-09-25
কৃষি মন্ত্রণালয়,কৃষি মন্ত্রণালয়,কৃষি সম্প্রসারণ অধিদপ্তর,,,,,,,,,,,,,,,,,,,,,,https://dae.gov.bd/views/info-officers,2026-09-28
কৃষি মন্ত্রণালয়,কৃষি মন্ত্রণালয়,বরেন্দ্র বহুমুখী উন্নয়ন কর্তৃপক্ষ,,,,,,,,,,,,,,,,,,,,,,https://bmda.gov.bd/views/info-officers,2026-09-28
কৃষি মন্ত্রণালয়,কৃষি মন্ত্রণালয়,বাংলাদেশ কৃষি উন্নয়ন কর্পোরেশন (বিএডিসি),,,,,,,,,,,,,,,,,,,,,,https://badc.gov.bd/views/info-officers,2026-09-28
কৃষি মন্ত্রণালয়,কৃষি মন্ত্রণালয়,বাংলাদেশ কৃষি গবেষণা ইনস্টিটিউট,,,,,,,,,,,,,,,,,,,,,,https://bari.gov.bd/views/info-officers,2026-09-28
কৃষি মন্ত্রণালয়,কৃষি মন্ত্রণালয়,বাংলাদেশ কৃষি গবেষণা কাউন্সিল,,,,,,,,,,,,,,,,,,,,,,https://barc.gov.bd/views/info-officers,2026-09-28
কৃষি মন্ত্রণালয়,কৃষি মন্ত্রণালয়,বাংলাদেশ ধান গবেষণা ইনস্টিটিউট,,,,,,,,,,,,,,,,,,,,,,https://brri.gov.bd/views/info-officers,2026-09-28
খাদ্য মন্ত্রণালয়,খাদ্য মন্ত্রণালয়,খাদ্য মন্ত্রণালয়,,,,,,,,,,,,,,,,,,,,,,https://mofood.gov.bd/views/info-officers,2026-09-25
গৃহায়ন ও গণপূর্ত মন্ত্রণালয়,গৃহায়ন ও গণপূর্ত মন্ত্রণালয়,গণপূর্ত অধিদপ্তর,,,,,,,,,,,,,,,,,,,,,,https://pwd.gov.bd/views/info-officers,2026-09-28
গৃহায়ন ও গণপূর্ত মন্ত্রণালয়,গৃহায়ন ও গণপূর্ত মন্ত্রণালয়,গৃহায়ন ও গণপূর্ত মন্ত্রণালয়,,,,,,,,,,,,,,,,,,,,,,https://mohpw.gov.bd/views/info-officers,2026-09-25
গৃহায়ন ও গণপূর্ত মন্ত্রণালয়,গৃহায়ন ও গণপূর্ত মন্ত্রণালয়,চট্টগ্রাম উন্নয়ন কর্তৃপক্ষ,,,,,,,,,,,,,,,,,,,,,,https://cda.gov.bd/views/info-officers,2026-09-28
গৃহায়ন ও গণপূর্ত মন্ত্রণালয়,গৃহায়ন ও গণপূর্ত মন্ত্রণালয়,জাতীয় গৃহায়ন কর্তৃপক্ষ,,,,,,,,,,,,,,,,,,,,,,https://nha.gov.bd/views/info-officers,2026-09-28
গৃহায়ন ও গণপূর্ত মন্ত্রণালয়,গৃহায়ন ও গণপূর্ত মন্ত্রণালয়,রাজধানী উন্নয়ন কর্তৃপক্ষ (রাজউক),,,,,,,,,,,,,,,,,,,,,,https://rajuk.gov.bd/views/info-officers,2026-09-28
জনপ্রশাসন মন্ত্রণালয়,খুলনা বিভাগ,জেলা প্রশাসকের কার্যালয় কুষ্টিয়া,,,,,,,,,,,,,,,,,,,,,,https://kushtia.gov.bd/views/info-officers,2026-09-28
জনপ্রশাসন মন্ত্রণালয়,খুলনা বিভাগ,জেলা প্রশাসকের কার্যালয় খুলনা,,,,,,,,,,,,,,,,,,,,,,https://khulna.gov.bd/views/info-officers,2026-09-28
জনপ্রশাসন মন্ত্রণালয়,খুলনা বিভাগ,জেলা প্রশাসকের কার্যালয় চুয়াডাঙ্গা,,,,,,,,,,,,,,,,,,,,,,https://chuadanga.gov.bd/views/info-officers,2026-09-28
জনপ্রশাসন মন্ত্রণালয়,খুলনা বিভাগ,জেলা প্রশাসকের কার্যালয় ঝিনাইদহ,,,,,,,,,,,,,,,,,,,,,,https://jhenaidah.gov.bd/views/info-officers,2026-09-28
জনপ্রশাসন মন্ত্রণালয়,খুলনা বিভাগ,জেলা প্রশাসকের কার্যালয় নড়াইল,,,,,,,,,,,,,,,,,,,,,,https://narail.gov.bd/views/info-officers,2026-09-28
জনপ্রশাসন মন্ত্রণালয়,খুলনা বিভাগ,জেলা প্রশাসকের কার্যালয় বাগেরহাট,,,,,,,,,,,,,,,,,,,,,,https://bagerhat.gov.bd/views/info-officers,2026-09-28
জনপ্রশাসন মন্ত্রণালয়,খুলনা বিভাগ,জেলা প্রশাসকের কার্যালয় মাগুরা,,,,,,,,,,,,,,,,,,,,,,https://magura.gov.bd/views/info-officers,2026-09-28
জনপ্রশাসন মন্ত্রণালয়,খুলনা বিভাগ,জেলা প্রশাসকের কার্যালয় মেহেরপুর,,,,,,,,,,,,,,,,,,,,,,https://meherpur.gov.bd/views/info-officers,2026-09-28
জনপ্রশাসন মন্ত্রণালয়,খুলনা বিভাগ,জেলা প্রশাসকের কার্যালয় যশোর,,,,,,,,,,,,,,,,,,,,,,https://jashore.gov.bd/views/info-officers,2026-09-28
জনপ্রশাসন মন্ত্রণালয়,খুলনা বিভাগ,জেলা প্রশাসকের কার্যালয় সাতক্ষীরা,,,,,,,,,,,,,,,,,,,,,,https://satkhira.gov.bd/views/info-officers,2026-09-28
জনপ্রশাসন মন্ত্রণালয়,খুলনা বিভাগ,বিভাগীয় কমিশনারের কার্যালয় খুলনা,,,,,,,,,,,,,,,,,,,,,,https://khulnadiv.gov.bd/views/info-officers,2026-09-28
জনপ্রশাসন মন্ত্রণালয়,চট্টগ্রাম বিভাগ,জেলা প্রশাসকের কার্যালয় কক্সবাজার,,,,,,,,,,,,,,,,,,,,,,https://coxsbazar.gov.bd/views/info-officers,2026-09-28
জনপ্রশাসন মন্ত্রণালয়,চট্টগ্রাম বিভাগ,জেলা প্রশাসকের কার্যালয় কুমিল্লা,,,,,,,,,,,,,,,,,,,,,,https://comilla.gov.bd/views/info-officers,2026-09-28
জনপ্রশাসন মন্ত্রণালয়,চট্টগ্রাম বিভাগ,জেলা প্রশাসকের কার্যালয় খাগড়াছড়ি,,,,,,,,,,,,,,,,,,,,,,https://khagrachhari.gov.bd/views/info-officers,2026-09-28
জনপ্রশাসন মন্ত্রণালয়,চট্টগ্রাম বিভাগ,জেলা প্রশাসকের কার্যালয় চট্টগ্রাম,,,,,,,,,,,,,,,,,,,,,,https://chattogram.gov.bd/views/info-officers,2026-09-28
জনপ্রশাসন মন্ত্রণালয়,চট্টগ্রাম বিভাগ,জেলা প্রশাসকের কার্যালয় চাঁদপুর,,,,,,,,,,,,,,,,,,,,,,https://chandpur.gov.bd/views/info-officers,2026-09-28
জনপ্রশাসন মন্ত্রণালয়,চট্টগ্রাম বিভাগ,জেলা প্রশাসকের কার্যালয় নোয়াখালী,,,,,,,,,,,,,,,,,,,,,,https://noakhali.gov.bd/views/info-officers,2026-09-28
জনপ্রশাসন মন্ত্রণালয়,চট্টগ্রাম বিভাগ,জেলা প্রশাসকের কার্যালয় ফেনী,,,,,,,,,,,,,,,,,,,,,,https://feni.gov.bd/views/info-officers,2026-09-28
জনপ্রশাসন মন্ত্রণালয়,চট্টগ্রাম বিভাগ,জেলা প্রশাসকের কার্যালয় বান্দরবান,,,,,,,,,,,,,,,,,,,,,,https://bandarban.gov.bd/views/info-officers,2026-09-28
জনপ্রশাসন মন্ত্রণালয়,চট্টগ্রাম বিভাগ,জেলা প্রশাসকের কার্যালয় ব্রাহ্মণবাড়িয়া,,,,,,,,,,,,,,,,,,,,,,https://brahmanbaria.gov.bd/views/info-officers,2026-09-28
জনপ্রশাসন মন্ত্রণালয়,চট্টগ্রাম বিভাগ,জেলা প্রশাসকের কার্যালয় রাঙ্গামাটি পার্বত্য জেলা,,,,,,,,,,,,,,,,,,,,,,https://rangamati.gov.bd/views/info-officers,2026-09-28
জনপ্রশাসন মন্ত্রণালয়,চট্টগ্রাম বিভাগ,জেলা প্রশাসকের কার্যালয় লক্ষ্মীপুর,,,,,,,,,,,,,,,,,,,,,,https://lakshmipur.gov.bd/views/info-officers,2026-09-28
জনপ্রশাসন মন্ত্রণালয়,চট্টগ্রাম বিভাগ,বিভাগীয় কমিশনারের কার্যালয় চট্টগ্রাম,,,,,,,,,,,,,,,,,,,,,,https://chattogramdiv.gov.bd/views/info-officers,2026-09-28
জনপ্রশাসন মন্ত্রণালয়,জনপ্রশাসন মন্ত্রণালয়,জনপ্রশাসন মন্ত্রণালয়,,,,,,,,,,,,,,,,,,,,,,https://mopa.gov.bd/views/info-officers,2026-09-25
জনপ্রশাসন মন্ত্রণালয়,ঢাকা বিভাগ,জেলা প্রশাসকের কার্যালয় কিশোরগঞ্জ,,,,,,,,,,,,,,,,,,,,,,https://kishoreganj.gov.bd/views/info-officers,2026-09-28
জনপ্রশাসন মন্ত্রণালয়,ঢাকা বিভাগ,জেলা প্রশাসকের কার্যালয় গাজীপুর,,,,,,,,,,,,,,,,,,,,,,https://gazipur.gov.bd/views/info-officers,2026-09-28
জনপ্রশাসন মন্ত্রণালয়,ঢাকা বিভাগ,জেলা প্রশাসকের কার্যালয় গোপালগঞ্জ,,,,,,,,,,,,,,,,,,,,,,https://gopalganj.gov.bd/views/info-officers,2026-09-28
জনপ্রশাসন মন্ত্রণালয়,ঢাকা বিভাগ,জেলা প্রশাসকের কার্যালয় টাঙ্গাইল,,,,,,,,,,,,,,,,,,,,,,https://tangail.gov.bd/views/info-officers,2026-09-28
জনপ্রশাসন মন্ত্রণালয়,ঢাকা বিভাগ,জেলা প্রশাসকের কার্যালয় ঢাকা,,,,,,,,,,,,,,,,,,,,,,https://dhaka.gov.bd/views/info-officers,2026-09-28
জনপ্রশাসন মন্ত্রণালয়,ঢাকা বিভাগ,জেলা প্রশাসকের কার্যালয় নরসিংদী,,,,,,,,,,,,,,,,,,,,,,https://narsingdi.gov.bd/views/info-officers,2026-09-28
জনপ্রশাসন মন্ত্রণালয়,ঢাকা বিভাগ,জেলা প্রশাসকের কার্যালয় নারায়ণগঞ্জ,,,,,,,,,,,,,,,,,,,,,,https://narayanganj.gov.bd/views/info-officers,2026-09-28
জনপ্রশাসন মন্ত্রণালয়,ঢাকা বিভাগ,জেলা প্রশাসকের কার্যালয় ফরিদপুর,,,,,,,,,,,,,,,,,,,,,,https://faridpur.gov.bd/views/info-officers,2026-09-28
জনপ্রশাসন মন্ত্রণালয়,ঢাকা বিভাগ,জেলা প্রশাসকের কার্যালয় মাদারীপুর,,,,,,,,,,,,,,,,,,,,,,https://madaripur.gov.bd/views/info-officers,2026-09-28
জনপ্রশাসন মন্ত্রণালয়,ঢাকা বিভাগ,জেলা প্রশাসকের কার্যালয় মানিকগঞ্জ,,,,,,,,,,,,,,,,,,,,,,https://manikganj.gov.bd/views/info-officers,2026-09-28
জনপ্রশাসন মন্ত্রণালয়,ঢাকা বিভাগ,জেলা প্রশাসকের কার্যালয় মুন্সীগঞ্জ,,,,,,,,,,,,,,,,,,,,,,https://munshiganj.gov.bd/views/info-officers,2026-09-28
জনপ্রশাসন মন্ত্রণালয়,ঢাকা বিভাগ,জেলা প্রশাসকের কার্যালয় রাজবাড়ী,,,,,,,,,,,,,,,,,,,,,,https://rajbari.gov.bd/views/info-officers,2026-09-28
জনপ্রশাসন মন্ত্রণালয়,ঢাকা বিভাগ,জেলা প্রশাসকের কার্যালয় শরীয়তপুর,,,,,,,,,,,,,,,,,,,,,,https://shariatpur.gov.bd/views/info-officers,2026-09-28
জনপ্রশাসন মন্ত্রণালয়,ঢাকা বিভাগ,বিভাগীয় কমিশনারের কার্যালয় ঢাকা,,,,,,,,,,,,,,,,,,,,,,https://dhakadiv.gov.bd/views/info-officers,2026-09-28
জনপ্রশাসন মন্ত্রণালয়,বরিশাল বিভাগ,জেলা প্রশাসকের কার্যালয় ঝালকাঠি,,,,,,,,,,,,,,,,,,,,,,https://jhalakathi.gov.bd/views/info-officers,2026-09-28
জনপ্রশাসন মন্ত্রণালয়,বরিশাল বিভাগ,জেলা প্রশাসকের কার্যালয় পটুয়াখালী,,,,,,,,,,,,,,,,,,,,,,https://patuakhali.gov.bd/views/info-officers,2026-09-28
জনপ্রশাসন মন্ত্রণালয়,বরিশাল বিভাগ,জেলা প্রশাসকের কার্যালয় পিরোজপুর,,,,,,,,,,,,,,,,,,,,,,https://pirojpur.gov.bd/views/info-officers,2026-09-28
জনপ্রশাসন মন্ত্রণালয়,বরিশাল বিভাগ,জেলা প্রশাসকের কার্যালয় বরগুনা,,,,,,,,,,,,,,,,,,,,,,https://barguna.gov.bd/views/info-officers,2026-09-28
জনপ্রশাসন মন্ত্রণালয়,বরিশাল বিভাগ,জেলা প্রশাসকের কার্যালয় বরিশাল,,,,,,,,,,,,,,,,,,,,,,https://barisal.gov.bd/views/info-officers,2026-09-28
জনপ্রশাসন মন্ত্রণালয়,বরিশাল বিভাগ,জেলা প্রশাসকের কার্যালয় ভোলা,,,,,,,,,,,,,,,,,,,,,,https://bhola.gov.bd/views/info-officers,2026-09-28
জনপ্রশাসন মন্ত্রণালয়,বরিশাল বিভাগ,বিভাগীয় কমিশনারের কার্যালয় বরিশাল,,,,,,,,,,,,,,,,,,,,,,https://barisaldiv.gov.bd/views/info-officers,2026-09-28
জনপ্রশাসন মন্ত্রণালয়,বাংলাদেশ সরকারী কর্মকমিশন সচিবালয়,বাংলাদেশ সরকারী কর্মকমিশন সচিবালয়,,,,,,,,,,,,,,,,,,,,,,https://bpsc.gov.bd/views/info-officers,2026-09-25
জনপ্রশাসন মন্ত্রণালয়,ময়মনসিংহ বিভাগ,জেলা প্রশাসকের কার্যালয় জামালপুর,,,,,,,,,,,,,,,,,,,,,,https://jamalpur.gov.bd/views/info-officers,2026-09-28
জনপ্রশাসন মন্ত্রণালয়,ময়মনসিংহ বিভাগ,জেলা প্রশাসকের কার্যালয় নেত্রকোণা,,,,,,,,,,,,,,,,,,,,,,https://netrokona.gov.bd/views/info-officers,2026-09-28
জনপ্রশাসন মন্ত্রণালয়,ময়মনসিংহ বিভাগ,জেলা প্রশাসকের কার্যালয় ময়মনসিংহ,,,,,,,,,,,,,,,,,,,,,,https://mymensingh.gov.bd/views/info-officers,2026-09-28
জনপ্রশাসন মন্ত্রণালয়,ময়মনসিংহ বিভাগ,জেলা প্রশাসকের কার্যালয় শেরপুর,,,,,,,,,,,,,,,,,,,,,,https://sherpur.gov.bd/views/info-officers,2026-09-28
জনপ্রশাসন মন্ত্রণালয়,ময়মনসিংহ বিভাগ,বিভাগীয় কমিশনারের কার্যালয় ময়মনসিংহ,,,,,,,,,,,,,,,,,,,,,,https://mymensinghdiv.gov.bd/views/info-officers,2026-09-28
জনপ্রশাসন মন্ত্রণালয়,রংপুর বিভাগ,জেলা প্রশাসকের কার্যালয় কুড়িগ্রাম,,,,,,,,,,,,,,,,,,,,,,https://kurigram.gov.bd/views/info-officers,2026-09-28
জনপ্রশাসন মন্ত্রণালয়,রংপুর বিভাগ,জেলা প্রশাসকের কার্যালয় গাইবান্ধা,,,,,,,,,,,,,,,,,,,,,,https://gaibandha.gov.bd/views/info-officers,2026-09-28
জনপ্রশাসন মন্ত্রণালয়,রংপুর বিভাগ,জেলা প্রশাসকের কার্যালয় ঠাকুরগাঁও,,,,,,,,,,,,,,,,,,,,,,https://thakurgaon.gov.bd/views/info-officers,2026-09-28
জনপ্রশাসন মন্ত্রণালয়,রংপুর বিভাগ,জেলা প্রশাসকের কার্যালয় দিনাজপুর,,,,,,,,,,,,,,,,,,,,,,https://dinajpur.gov.bd/views/info-officers,2026-09-28
জনপ্রশাসন মন্ত্রণালয়,রংপুর বিভাগ,জেলা প্রশাসকের কার্যালয় নীলফামারী,,,,,,,,,,,,,,,,,,,,,,https://nilphamari.gov.bd/views/info-officers,2026-09-28
জনপ্রশাসন মন্ত্রণালয়,রংপুর বিভাগ,জেলা প্রশাসকের কার্যালয় পঞ্চগড়,,,,,,,,,,,,,,,,,,,,,,https://panchagarh.gov.bd/views/info-officers,2026-09-28
জনপ্রশাসন মন্ত্রণালয়,রংপুর বিভাগ,জেলা প্রশাসকের কার্যালয় রংপুর,,,,,,,,,,,,,,,,,,,,,,https://rangpur.gov.bd/views/info-officers,2026-09-28
জনপ্রশাসন মন্ত্রণালয়,রংপুর বিভাগ,জেলা প্রশাসকের কার্যালয় লালমনিরহাট,,,,,,,,,,,,,,,,,,,,,,https://lalmonirhat.gov.bd/views/info-officers,2026-09-28
জনপ্রশাসন মন্ত্রণালয়,রংপুর বিভাগ,বিভাগীয় কমিশনারের কার্যালয় রংপুর,,,,,,,,,,,,,,,,,,,,,,https://rangpurdiv.gov.bd/views/info-officers,2026-09-28
জনপ্রশাসন মন্ত্রণালয়,রাজশাহী বিভাগ,জেলা প্রশাসকের কার্যালয় চাঁপাইনবাবগঞ্জ,,,,,,,,,,,,,,,,,,,,,,https://chapainawabganj.gov.bd/views/info-officers,2026-09-28
জনপ্রশাসন মন্ত্রণালয়,রাজশাহী বিভাগ,জেলা প্রশাসকের কার্যালয় জয়পুরহাট,,,,,,,,,,,,,,,,,,,,,,https://joypurhat.gov.bd/views/info-officers,2026-09-28
জনপ্রশাসন মন্ত্রণালয়,রাজশাহী বিভাগ,জেলা প্রশাসকের কার্যালয় নওগাঁ,,,,,,,,,,,,,,,,,,,,,,https://naogaon.gov.bd/views/info-officers,2026-09-28
জনপ্রশাসন মন্ত্রণালয়,রাজশাহী বিভাগ,জেলা প্রশাসকের কার্যালয় নাটোর,,,,,,,,,,,,,,,,,,,,,,https://natore.gov.bd/views/info-officers,2026-09-28
জনপ্রশাসন মন্ত্রণালয়,রাজশাহী বিভাগ,জেলা প্রশাসকের কার্যালয় পাবনা,,,,,,,,,,,,,,,,,,,,,,https://pabna.gov.bd/views/info-officers,2026-09-28
জনপ্রশাসন মন্ত্রণালয়,রাজশাহী বিভাগ,জেলা প্রশাসকের কার্যালয় বগুড়া,,,,,,,,,,,,,,,,,,,,,,https://bogra.gov.bd/views/info-officers,2026-09-28
জনপ্রশাসন মন্ত্রণালয়,রাজশাহী বিভাগ,জেলা প্রশাসকের কার্যালয় রাজশাহী,,,,,,,,,,,,,,,,,,,,,,https://rajshahi.gov.bd/views/info-officers,2026-09-28
জনপ্রশাসন মন্ত্রণালয়,রাজশাহী বিভাগ,জেলা প্রশাসকের কার্যালয় সিরাজগঞ্জ,,,,,,,,,,,,,,,,,,,,,,https://sirajganj.gov.bd/views/info-officers,2026-09-28
জনপ্রশাসন মন্ত্রণালয়,রাজশাহী বিভাগ,বিভাগীয় কমিশনারের কার্যালয় রাজশাহী,,,,,,,,,,,,,,,,,,,,,,https://rajshahidiv.gov.bd/views/info-officers,2026-09-28
জনপ্রশাসন মন্ত্রণালয়,সিলেট বিভাগ,জেলা প্রশাসকের কার্যালয় মৌলভীবাজার,,,,,,,,,,,,,,,,,,,,,,https://moulvibazar.gov.bd/views/info-officers,2026-09-28
জনপ্রশাসন মন্ত্রণালয়,সিলেট বিভাগ,জেলা প্রশাসকের কার্যালয় সিলেট,,,,,,,,,,,,,,,,,,,,,,https://sylhet.gov.bd/views/info-officers,2026-09-28
জনপ্রশাসন মন্ত্রণালয়,সিলেট বিভাগ,জেলা প্রশাসকের কার্যালয় সুনামগঞ্জ,,,,,,,,,,,,,,,,,,,,,,https://sunamganj.gov.bd/views/info-officers,2026-09-28
জনপ্রশাসন মন্ত্রণালয়,সিলেট বিভাগ,জেলা প্রশাসকের কার্যালয় হবিগঞ্জ,,,,,,,,,,,,,,,,,,,,,,https://habiganj.gov.bd/views/info-officers,2026-09-28
জনপ্রশাসন মন্ত্রণালয়,সিলেট বিভাগ,বিভাগীয় কমিশনারের কার্যালয় সিলেট,,,,,,,,,,,,,,,,,,,,,,https://sylhetdiv.gov.bd/views/info-officers,2026-09-28
"ডাক, টেলিযোগাযোগ ও তথ্যপ্রযুক্তি মন্ত্রণালয়",ডাক ও টেলিযোগাযোগ বিভাগ,টেলিটক বাংলাদেশ লি:,,,,,,,,,,,,,,,,,,,,,,https://teletalk.gov.bd/views/info-officers,2026-09-28
"ডাক, টেলিযোগাযোগ ও তথ্যপ্রযুক্তি মন্ত্রণালয়",ডাক ও টেলিযোগাযোগ বিভাগ,ডাক অধিদপ্তর,,,,,,,,,,,,,,,,,,,,,,https://bdpost.gov.bd/views/info-officers,2026-09-28
"ডাক, টেলিযোগাযোগ ও তথ্যপ্রযুক্তি মন্ত্রণালয়",ডাক ও টেলিযোগাযোগ বিভাগ,ডাক ও টেলিযোগাযোগ বিভাগ,,,,,,,,,,,,,,,,,,,,,,https://ptd.gov.bd/views/info-officers,2026-09-25
"ডাক, টেলিযোগাযোগ ও তথ্যপ্রযুক্তি মন্ত্রণালয়",ডাক ও টেলিযোগাযোগ বিভাগ,বাংলাদেশ টেলিকমিউনিকেশনস কোম্পানি লিমিটেড,,,,,,,,,,,,,,,,,,,,,,https://btcl.gov.bd/views/info-officers,2026-09-28
"ডাক, টেলিযোগাযোগ ও তথ্যপ্রযুক্তি মন্ত্রণালয়",ডাক ও টেলিযোগাযোগ বিভাগ,বাংলাদেশ টেলিযোগাযোগ রেগুলেটরি কমিশন,,,,,,,,,,,,,,,,,,,,,,https://btrc.gov.bd/views/info-officers,2026-09-28
"ডাক, টেলিযোগাযোগ ও তথ্যপ্রযুক্তি মন্ত্রণালয়","ডাক, টেলিযোগাযোগ ও তথ্যপ্রযুক্তি মন্ত্রণালয়","ডাক, টেলিযোগাযোগ ও তথ্যপ্রযুক্তি মন্ত্রণালয়",,,,,,,,,,,,,,,,,,,,,,https://moptit.gov.bd/views/info-officers,2026-09-28
"ডাক, টেলিযোগাযোগ ও তথ্যপ্রযুক্তি মন্ত্রণালয়",তথ্য ও যোগাযোগ প্রযুক্তি বিভাগ,তথ্য ও যোগাযোগ প্রযুক্তি বিভাগ,,,,,,,,,,,,,,,,,,,,,,https://ictd.gov.bd/views/info-officers,2026-09-25
তথ্য ও সম্প্রচার মন্ত্রণালয়,তথ্য ও সম্প্রচার মন্ত্রণালয়,তথ্য অধিদফতর (পিআইডি),,,,,,,,,,,,,,,,,,,,,,https://pressinform.gov.bd/views/info-officers,2026-09-28
তথ্য ও সম্প্রচার মন্ত্রণালয়,তথ্য ও সম্প্রচার মন্ত্রণালয়,তথ্য ও সম্প্রচার মন্ত্রণালয়,,,,,,,,,,,,,,,,,,,,,,https://moi.gov.bd/views/info-officers,2026-09-25
তথ্য ও সম্প্রচার মন্ত্রণালয়,তথ্য ও সম্প্রচার মন্ত্রণালয়,তথ্য কমিশন বাংলাদেশ,,,,,,,,,,,,,,,,,,,,,,https://infocom.gov.bd/views/info-officers,2026-09-28
তথ্য ও সম্প্রচার মন্ত্রণালয়,তথ্য ও সম্প্রচার মন্ত্রণালয়,বাংলাদেশ টেলিভিশন,,,,,,,,,,,,,,,,,,,,,,https://btv.gov.bd/views/info-officers,2026-09-28
তথ্য ও সম্প্রচার মন্ত্রণালয়,তথ্য ও সম্প্রচার মন্ত্রণালয়,বাংলাদেশ বেতার,,,,,,,,,,,,,,,,,,,,,,https://betar.gov.bd/views/info-officers,2026-09-28
দুর্যোগ ব্যবস্থাপনা ও ত্রাণ মন্ত্রণালয়,দুর্যোগ ব্যবস্থাপনা ও ত্রাণ মন্ত্রণালয়,দুর্যোগ ব্যবস্থাপনা অধিদপ্তর,,,,,,,,,,,,,,,,,,,,,,https://ddm.gov.bd/views/info-officers,2026-09-28
দুর্যোগ ব্যবস্থাপনা ও ত্রাণ মন্ত্রণালয়,দুর্যোগ ব্যবস্থাপনা ও ত্রাণ মন্ত্রণালয়,দুর্যোগ ব্যবস্থাপনা ও ত্রাণ মন্ত্রণালয়,,,,,,,,,,,,,,,,,,,,,,https://modmr.gov.bd/views/info-officers,2026-09-25
ধর্ম বিষয়ক মন্ত্রণালয়,ধর্ম বিষয়ক মন্ত্রণালয়,ধর্ম বিষয়ক মন্ত্রণালয়,,,,,,,,,,,,,,,,,,,,,,https://mora.gov.bd/views/info-officers,2026-09-25
নির্বাচন কমিশন সচিবালয়,নির্বাচন কমিশন সচিবালয়,নির্বাচন কমিশন সচিবালয়,,,,,,,,,,,,,,,,,,,,,,https://ecs.gov.bd/views/info-officers,2026-09-28
নৌ-পরিবহন মন্ত্রণালয়,নৌ-পরিবহন মন্ত্রণালয়,চট্টগ্রাম বন্দর কর্তৃপক্ষ,,,,,,,,,,,,,,,,,,,,,,https://cpa.gov.bd/views/info-officers,2026-09-28
নৌ-পরিবহন মন্ত্রণালয়,নৌ-পরিবহন মন্ত্রণালয়,পায়রা বন্দর কর্তৃপক্ষ,,,,,,,,,,,,,,,,,,,,,,https://ppa.gov.bd/views/info-officers,2026-09-28
নৌ-পরিবহন মন্ত্রণালয়,নৌ-পরিবহন মন্ত্রণালয়,বাংলাদেশ অভ্যন্তরীণ নৌ-পরিবহন কর্তৃপক্ষ,,,,,,,,,,,,,,,,,,,,,,https://biwta.gov.bd/views/info-officers,2026-09-28
নৌ-পরিবহন মন্ত্রণালয়,নৌ-পরিবহন মন্ত্রণালয়,বাংলাদেশ স্থলবন্দর কর্তৃপক্ষ,,,,,,,,,,,,,,,,,,,,,,https://blpa.gov.bd/views/info-officers,2026-09-28
নৌ-পরিবহন মন্ত্রণালয়,নৌ-পরিবহন মন্ত্রণালয়,মোংলা বন্দর কর্তৃপক্ষ,,,,,,,,,,,,,,,,,,,,,,https://mpa.gov.bd/views/info-officers,2026-09-28
নৌ-পরিবহন মন্ত্রণালয়,নৌপরিবহন মন্ত্রণালয়,নৌ-পরিবহন মন্ত্রণালয়,,,,,,,,,,,,,,,,,,,,,,https://mos.gov.bd/site/view/information_officers/%E0%A6%A6%E0%A6%BE%E0%A7%9F%E0%A6%BF%E0%A6%A4%E0%A7%8D%E0%A6%AC%E0%A6%AA%E0%A7%8D%E0%A6%B0%E0%A6%BE%E0%A6%AA%E0%A7%8D%E0%A6%A4-%E0%A6%95%E0%A6%B0%E0%A7%8D%E0%A6%AE%E0%A6%95%E0%A6%B0%E0%A7%8D%E0%A6%A4%E0%A6%BE-%E0%A6%93-%E0%A6%86%E0%A6%AA%E0%A7%80%E0%A6%B2-%E0%A6%95%E0%A6%B0%E0%A7%8D%E0%A6%A4%E0%A7%83%E0%A6%AA%E0%A6%95%E0%A7%8D%E0%A6%B7,2026-09-25
পররাষ্ট্র মন্ত্রণালয়,পররাষ্ট্র মন্ত্রণালয়,পররাষ্ট্র মন্ত্রণালয়,,,,,,,,,,,,,,,,,,,,,,https://mofa.gov.bd/views/info-officers,2026-09-25
পরিকল্পনা মন্ত্রণালয়,পরিকল্পনা বিভাগ,পরিকল্পনা বিভাগ,,,,,,,,,,,,,,,,,,,,,,https://plandiv.gov.bd/views/info-officers,2026-09-25
পরিকল্পনা মন্ত্রণালয়,পরিকল্পনা মন্ত্রণালয়,পরিকল্পনা মন্ত্রণালয়,,,,,,,,,,,,,,,,,,,,,,https://mop.gov.bd/views/info-officers,2026-09-28
পরিকল্পনা মন্ত্রণালয়,পরিকল্পনা মন্ত্রণালয়,বাংলাদেশ পরিকল্পনা কমিশন,,,,,,,,,,,,,,,,,,,,,,https://plancomm.gov.bd/views/info-officers,2026-09-28
পরিকল্পনা মন্ত্রণালয়,পরিসংখ্যান ও তথ্য ব্যবস্থাপনা বিভাগ,পরিসংখ্যান ও তথ্য ব্যবস্থাপনা বিভাগ,,,,,,,,,,,,,,,,,,,,,,https://sid.gov.bd/views/info-officers,2026-09-25
পরিকল্পনা মন্ত্রণালয়,পরিসংখ্যান ও তথ্য ব্যবস্থাপনা বিভাগ,বাংলাদেশ পরিসংখ্যান ব্যুরো,,,,,,,,,,,,,,,,,,,,,,https://bbs.gov.bd/views/info-officers,2026-09-28
পরিকল্পনা মন্ত্রণালয়,বাস্তবায়ন পরিবীক্ষণ ও মূল্যায়ন বিভাগ,বাস্তবায়ন পরিবীক্ষণ ও মূল্যায়ন বিভাগ,,,,,,,,,,,,,,,,,,,,,,https://imed.gov.bd/views/info-officers,2026-09-25
"পরিবেশ, বন ও জলবায়ু পরিবর্তন মন্ত্রণালয়","পরিবেশ, বন ও জলবায়ু পরিবর্তন মন্ত্রণালয়",পরিবেশ অধিদপ্তর,,,,,,,,,,,,,,,,,,,,,,https://doe.gov.bd/views/info-officers,2026-09-28
"পরিবেশ, বন ও জলবায়ু পরিবর্তন মন্ত্রণালয়","পরিবেশ, বন ও জলবায়ু পরিবর্তন মন্ত্রণালয়","পরিবেশ, বন ও জলবায়ু পরিবর্তন মন্ত্রণালয়",,,,,,,,,,,,,,,,,,,,,,https://moef.gov.bd/views/info-officers,2026-09-25
"পরিবেশ, বন ও জলবায়ু পরিবর্তন মন্ত্রণালয়","পরিবেশ, বন ও জলবায়ু পরিবর্তন মন্ত্রণালয়",বন অধিদপ্তর,,,,,,,,,,,,,,,,,,,,,,https://bforest.gov.bd/views/info-officers,2026-09-28
পানি সম্পদ মন্ত্রণালয়,পানি সম্পদ মন্ত্রণালয়,পানি সম্পদ মন্ত্রণালয়,,,,,,,,,,,,,,,,,,,,,,https://mowr.gov.bd/views/info-officers,2026-09-25
পানি সম্পদ মন্ত্রণালয়,পানি সম্পদ মন্ত্রণালয়,বাংলাদেশ পানি উন্নয়ন বোর্ড,,,,,,,,,,,,,,,,,,,,,,https://bwdb.portal.gov.bd/views/info-officers,2026-09-28
পার্বত্য চট্টগ্রাম বিষয়ক মন্ত্রণালয়,পার্বত্য চট্টগ্রাম বিষয়ক মন্ত্রণালয়,পার্বত্য চট্টগ্রাম বিষয়ক মন্ত্রণালয়,,,,,,,,,,,,,,,,,,,,,,https://mochta.gov.bd/views/info-officers,2026-09-25
প্রতিরক্ষা মন্ত্রণালয়,প্রতিরক্ষা মন্ত্রণালয়,প্রতিরক্ষা মন্ত্রণালয়,,,,,,,,,,,,,,,,,,,,,,https://mod.gov.bd/views/info-officers,2026-09-25
প্রতিরক্ষা মন্ত্রণালয়,প্রতিরক্ষা মন্ত্রণালয়,বাংলাদেশ আবহাওয়া অধিদপ্তর,,,,,,,,,,,,,,,,,,,,,,https://bmd.gov.bd/views/info-officers,2026-09-28
প্রধানমন্ত্রীর কার্যালয়,প্রধানমন্ত্রীর কার্যালয়,প্রধানমন্ত্রীর কার্যালয়,,,,,,,,,,,,,,,,,,,,,,https://pmo.gov.bd/views/info-officers,2026-09-25
প্রধানমন্ত্রীর কার্যালয়,প্রধানমন্ত্রীর কার্যালয়,বাংলাদেশ অর্থনৈতিক অঞ্চল কর্তৃপক্ষ,,,,,,,,,,,,,,,,,,,,,,https://beza.portal.gov.bd/views/info-officers,2026-09-28
প্রবাসী কল্যাণ ও বৈদেশিক কর্মসংস্থান মন্ত্রণালয়,প্রবাসী কল্যাণ ও বৈদেশিক কর্মসংস্থান মন্ত্রণালয়,জনশক্তি কর্মসংস্থান ও প্রশিক্ষণ ব্যুরো,,,,,,,,,,,,,,,,,,,,,,https://bmet.gov.bd/views/info-officers,2026-09-28
প্রবাসী কল্যাণ ও বৈদেশিক কর্মসংস্থান মন্ত্রণালয়,প্রবাসী কল্যাণ ও বৈদেশিক কর্মসংস্থান মন্ত্রণালয়,প্রবাসী কল্যাণ ও বৈদেশিক কর্মসংস্থান মন্ত্রণালয়,,,,,,,,,,,,,,,,,,,,,,https://probashi.gov.bd/views/info-officers,2026-09-25
প্রবাসী কল্যাণ ও বৈদেশিক কর্মসংস্থান মন্ত্রণালয়,প্রবাসী কল্যাণ ও বৈদেশিক কর্মসংস্থান মন্ত্রণালয়,প্রবাসী কল্যাণ ব্যাংক,,,,,,,,,,,,,,,,,,,,,,https://pkb.gov.bd/views/info-officers,2026-09-28
প্রাথমিক ও গণশিক্ষা মন্ত্রণালয়,প্রাথমিক ও গণশিক্ষা মন্ত্রণালয়,উপানুষ্ঠানিক শিক্ষা ব্যুরো,,,,,,,,,,,,,,,,,,,,,,https://bnfe.gov.bd/views/info-officers,2026-09-28
প্রাথমিক ও গণশিক্ষা মন্ত্রণালয়,প্রাথমিক ও গণশিক্ষা মন্ত্রণালয়,প্রাথমিক ও গণশিক্ষা মন্ত্রণালয়,,,,,,,,,,,,,,,,,,,,,,https://mopme.gov.bd/views/info-officers,2026-09-25
প্রাথমিক ও গণশিক্ষা মন্ত্রণালয়,প্রাথমিক ও গণশিক্ষা মন্ত্রণালয়,প্রাথমিক শিক্ষা অধিদপ্তর,,,,,,,,,,,,,,,,,,,,,,https://dpe.gov.bd/views/info-officers,2026-09-28
বস্ত্র ও পাট মন্ত্রণালয়,বস্ত্র ও পাট মন্ত্রণালয়,বস্ত্র ও পাট মন্ত্রণালয়,,,,,,,,,,,,,,,,,,,,,,https://motj.gov.bd/views/info-officers,2026-09-25
বাণিজ্য মন্ত্রণালয়,বাণিজ্য মন্ত্রণালয়,জাতীয় ভোক্তা-অধিকার সংরক্ষণ অধিদপ্তর,,,,,,,,,,,,,,,,,,,,,,https://dncrp.gov.bd/views/info-officers,2026-09-28
বাণিজ্য মন্ত্রণালয়,বাণিজ্য মন্ত্রণালয়,ট্রেডিং কর্পোরেশন অব বাংলাদেশ (টিসিবি),,,,,,,,,,,,,,,,,,,,,,https://tcb.gov.bd/views/info-officers,2026-09-28
বাণিজ্য মন্ত্রণালয়,বাণিজ্য মন্ত্রণালয়,বাংলাদেশ প্রতিযোগিতা কমিশন,,,,,,,,,,,,,,,,,,,,,,https://ccb.gov.bd/views/info-officers,2026-09-28
বাণিজ্য মন্ত্রণালয়,বাণিজ্য মন্ত্রণালয়,বাণিজ্য মন্ত্রণালয়,,,,,,,,,,,,,,,,,,,,,,https://mincom.gov.bd/views/info-officers,2026-09-25
বাণিজ্য মন্ত্রণালয়,বাণিজ্য মন্ত্রণালয়,রপ্তানি উন্নয়ন ব্যুরো,,,,,,,,,,,,,,,,,,,,,,https://epb.gov.bd/views/info-officers,2026-09-28
বিজ্ঞান ও প্রযুক্তি মন্ত্রণালয়,বিজ্ঞান ও প্রযুক্তি মন্ত্রণালয়,বাংলাদেশ পরমাণু শক্তি কমিশন,,,,,,,,,,,,,,,,,,,,,,https://baec.gov.bd/views/info-officers,2026-09-28
বিজ্ঞান ও প্রযুক্তি মন্ত্রণালয়,বিজ্ঞান ও প্রযুক্তি মন্ত্রণালয়,বিজ্ঞান ও প্রযুক্তি মন্ত্রণালয়,,,,,,,,,,,,,,,,,,,,,,https://most.gov.bd/views/info-officers,2026-09-25
"বিদ্যুৎ, জ্বালানি ও খনিজ সম্পদ মন্ত্রণালয়",জ্বালানি ও খনিজ সম্পদ বিভাগ,জ্বালানি ও খনিজ সম্পদ বিভাগ,,,,,,,,,,,,,,,,,,,,,,https://emrd.gov.bd/views/info-officers,2026-09-25
"বিদ্যুৎ, জ্বালানি ও খনিজ সম্পদ মন্ত্রণালয়",জ্বালানি ও খনিজ সম্পদ বিভাগ,বাংলাদেশ এনার্জি রেগুলেটরি কমিশন,,,,,,,,,,,,,,,,,,,,,,https://berc.org.bd/views/info-officers,2026-09-28
"বিদ্যুৎ, জ্বালানি ও খনিজ সম্পদ মন্ত্রণালয়",জ্বালানি ও খনিজ সম্পদ বিভাগ,বাংলাদেশ তেল গ্যাস ও খনিজসম্পদ কর্পোরেশন (পেট্রোবাংলা),,,,,,,,,,,,,,,,,,,,,,https://petrobangla.org.bd/views/info-officers,2026-09-28
"বিদ্যুৎ, জ্বালানি ও খনিজ সম্পদ মন্ত্রণালয়",জ্বালানি ও খনিজ সম্পদ বিভাগ,বাংলাদেশ পেট্রোলিয়াম কর্পোরেশন,,,,,,,,,,,,,,,,,,,,,,https://bpc.gov.bd/views/info-officers,2026-09-28
"বিদ্যুৎ, জ্বালানি ও খনিজ সম্পদ মন্ত্রণালয়",বিদ্যুৎ বিভাগ,ওয়েস্ট জোন পাওয়ার ডিস্ট্রিবিউশন কোম্পানি লি.,,,,,,,,,,,,,,,,,,,,,,https://wzpdcl.gov.bd/views/info-officers,2026-09-28
"বিদ্যুৎ, জ্বালানি ও খনিজ সম্পদ মন্ত্রণালয়",বিদ্যুৎ বিভাগ,ঢাকা ইলেকট্রিসিটি সাপ্লাই পিএলসি (ডেসকো),,,,,,,,,,,,,,,,,,,,,,https://desco.gov.bd/views/info-officers,2026-09-28
"বিদ্যুৎ, জ্বালানি ও খনিজ সম্পদ মন্ত্রণালয়",বিদ্যুৎ বিভাগ,ঢাকা পাওয়ার ডিস্ট্রিবিউশন কোম্পানি লিমিটেড (ডিপিডিসি),,,,,,,,,,,,,,,,,,,,,,https://dpdc.gov.bd/views/info-officers,2026-09-28
"বিদ্যুৎ, জ্বালানি ও খনিজ সম্পদ মন্ত্রণালয়",বিদ্যুৎ বিভাগ,নর্দান ইলেকট্রিসিটি সাপ্লাই পিএলসি,,,,,,,,,,,,,,,,,,,,,,https://nesco.gov.bd/views/info-officers,2026-09-28
"বিদ্যুৎ, জ্বালানি ও খনিজ সম্পদ মন্ত্রণালয়",বিদ্যুৎ বিভাগ,পাওয়ার গ্রিড বাংলাদেশ পিএলসি,,,,,,,,,,,,,,,,,,,,,,https://pgcb.gov.bd/views/info-officers,2026-09-28
"বিদ্যুৎ, জ্বালানি ও খনিজ সম্পদ মন্ত্রণালয়",বিদ্যুৎ বিভাগ,বাংলাদেশ পল্লী বিদ্যুতায়ন বোর্ড,,,,,,,,,,,,,,,,,,,,,,https://reb.gov.bd/views/info-officers,2026-09-28
"বিদ্যুৎ, জ্বালানি ও খনিজ সম্পদ মন্ত্রণালয়",বিদ্যুৎ বিভাগ,বাংলাদেশ বিদ্যুৎ উন্নয়ন বোর্ড,,,,,,,,,,,,,,,,,,,,,,https://bpdb.gov.bd/views/info-officers,2026-09-28
"বিদ্যুৎ, জ্বালানি ও খনিজ সম্পদ মন্ত্রণালয়",বিদ্যুৎ বিভাগ,বিদ্যুৎ বিভাগ,,,,,,,,,,,,,,,,,,,,,,https://powerdivision.gov.bd/views/info-officers,সেপ্টেম্বর ২০২৬
"বিদ্যুৎ, জ্বালানি ও খনিজ সম্পদ মন্ত্রণালয়","বিদ্যুৎ, জ্বালানি ও খনিজ সম্পদ মন্ত্রণালয়","বিদ্যুৎ, জ্বালানি ও খনিজ সম্পদ মন্ত্রণালয়",,,,,,,,,,,,,,,,,,,,,,https://poweren.portal.gov.bd/views/info-officers,2026-09-28
বেসামরিক বিমান পরিবহন ও পর্যটন মন্ত্রণালয়,বেসামরিক বিমান পরিবহন ও পর্যটন মন্ত্রণালয়,বাংলাদেশ বেসামরিক বিমান চলাচল কর্তৃপক্ষ,,,,,,,,,,,,,,,,,,,,,,https://caab.gov.bd/views/info-officers,2026-09-28
বেসামরিক বিমান পরিবহন ও পর্যটন মন্ত্রণালয়,বেসামরিক বিমান পরিবহন ও পর্যটন মন্ত্রণালয়,বিমান বাংলাদেশ এয়ারলাইন্স,,,,,,,,,,,,,,,,,,,,,,https://biman.gov.bd/views/info-officers,2026-09-28
বেসামরিক বিমান পরিবহন ও পর্যটন মন্ত্রণালয়,বেসামরিক বিমান পরিবহন ও পর্যটন মন্ত্রণালয়,বেসামরিক বিমান পরিবহন ও পর্যটন মন্ত্রণালয়,,,,,,,,,,,,,,,,,,,,,,https://mocat.gov.bd/views/info-officers,2026-09-25
ভূমি মন্ত্রণালয়,ভূমি মন্ত্রণালয়,ভূমি মন্ত্রণালয়,,,,,,,,,,,,,,,,,,,,,,https://minland.gov.bd/views/info-officers,2026-09-25
ভূমি মন্ত্রণালয়,ভূমি মন্ত্রণালয়,ভূমি রেকর্ড ও জরিপ অধিদপ্তর,,,,,,,,,,,,,,,,,,,,,,https://dlrs.gov.bd/views/info-officers,2026-09-28
মন্ত্রিপরিষদ বিভাগ,মন্ত্রিপরিষদ বিভাগ,মন্ত্রিপরিষদ বিভাগ,,,,,,,,,,,,,,,,,,,,,,https://cabinet.gov.bd/views/info-officers,2026-09-25
মহিলা ও শিশু বিষয়ক মন্ত্রণালয়,মহিলা ও শিশু বিষয়ক মন্ত্রণালয়,মহিলা ও শিশু বিষয়ক মন্ত্রণালয়,,,,,,,,,,,,,,,,,,,,,,https://mowca.gov.bd/views/info-officers,2026-09-25
মহিলা ও শিশু বিষয়ক মন্ত্রণালয়,মহিলা ও শিশু বিষয়ক মন্ত্রণালয়,মহিলা বিষয়ক অধিদপ্তর,,,,,,,,,,,,,,,,,,,,,,https://dwa.gov.bd/views/info-officers,2026-09-28
মুক্তিযুদ্ধ বিষয়ক মন্ত্রণালয়,মুক্তিযুদ্ধ বিষয়ক মন্ত্রণালয়,জুলাই গণঅভ্যুত্থান অধিদপ্তর,,,,,,,,,,,,,,,,,,,,,,https://djmu.portal.gov.bd/views/info-officers,2026-09-28
মুক্তিযুদ্ধ বিষয়ক মন্ত্রণালয়,মুক্তিযুদ্ধ বিষয়ক মন্ত্রণালয়,মুক্তিযুদ্ধ বিষয়ক মন্ত্রণালয়,,,,,,,,,,,,,,,,,,,,,,https://molwa.gov.bd/views/info-officers,2026-09-25
মৎস্য ও প্রাণিসম্পদ মন্ত্রণালয়,মৎস্য ও প্রাণিসম্পদ মন্ত্রণালয়,মৎস্য ও প্রাণিসম্পদ মন্ত্রণালয়,,,,,,,,,,,,,,,,,,,,,,https://mofl.gov.bd/views/info-officers,2026-09-25
যুব ও ক্রীড়া মন্ত্রণালয়,যুব ও ক্রীড়া মন্ত্রণালয়,যুব ও ক্রীড়া মন্ত্রণালয়,,,,,,,,,,,,,,,,,,,,,,https://moysports.gov.bd/views/info-officers,2026-09-25
রাষ্ট্রপতির কার্যালয়,আপন বিভাগ,আপন বিভাগ,,,,,,,,,,,,,,,,,,,,,,https://personaldivision.portal.gov.bd/views/info-officers,2026-09-25
রাষ্ট্রপতির কার্যালয়,জন বিভাগ,জন বিভাগ,,,,,,,,,,,,,,,,,,,,,,https://publicdivision.portal.gov.bd/views/info-officers,2026-09-25
রাষ্ট্রপতির কার্যালয়,রাষ্ট্রপতির কার্যালয়,রাষ্ট্রপতির কার্যালয়,,,,,,,,,,,,,,,,,,,,,,https://bangabhaban.gov.bd/views/info-officers,2026-09-28
রেলপথ মন্ত্রণালয়,রেলপথ মন্ত্রণালয়,বাংলাদেশ রেলওয়ে,,,,,,,,,,,,,,,,,,,,,,https://railway.gov.bd/views/info-officers,2026-09-28
রেলপথ মন্ত্রণালয়,রেলপথ মন্ত্রণালয়,রেলপথ মন্ত্রণালয়,,,,,,,,,,,,,,,,,,,,,,https://mor.gov.bd/views/info-officers,2026-09-25
শিক্ষা মন্ত্রণালয়,কারিগরি ও মাদ্রাসা শিক্ষা বিভাগ,কারিগরি ও মাদ্রাসা শিক্ষা বিভাগ,,,,,,,,,,,,,,,,,,,,,,https://tmed.gov.bd/pages/static-pages/694032fc35ce18e1c0563c61,সেপ্টেম্বর ২০২৬
শিক্ষা মন্ত্রণালয়,কারিগরি ও মাদ্রাসা শিক্ষা বিভাগ,কারিগরি শিক্ষা অধিদপ্তর,,,,,,,,,,,,,,,,,,,,,,https://techedu.gov.bd/views/info-officers,2026-09-28
শিক্ষা মন্ত্রণালয়,কারিগরি ও মাদ্রাসা শিক্ষা বিভাগ,মাদ্রাসা শিক্ষা অধিদপ্তর,,,,,,,,,,,,,,,,,,,,,,https://dme.gov.bd/views/info-officers,2026-09-28
শিক্ষা মন্ত্রণালয়,মাধ্যমিক ও উচ্চ শিক্ষা বিভাগ,ইসলামী বিশ্ববিদ্যালয়,,,,,,,,,,,,,,,,,,,,,,https://iu.portal.gov.bd/pages/static-pages/691c1e1781fc96cef9e6594e,2026-09-28
শিক্ষা মন্ত্রণালয়,মাধ্যমিক ও উচ্চ শিক্ষা বিভাগ,চট্টগ্রাম বিশ্ববিদ্যালয়,,,,,,,,,,,,,,,,,,,,,,https://cu.portal.gov.bd/views/info-officers,2026-09-28
শিক্ষা মন্ত্রণালয়,মাধ্যমিক ও উচ্চ শিক্ষা বিভাগ,জাতীয় শিক্ষাক্রম ও পাঠ্যপুস্তক বোর্ড (এনসিটিবি),,,,,,,,,,,,,,,,,,,,,,https://nctb.gov.bd/views/info-officers,2026-09-28
শিক্ষা মন্ত্রণালয়,মাধ্যমিক ও উচ্চ শিক্ষা বিভাগ,বাংলাদেশ বিশ্ববিদ্যালয় মঞ্জুরী কমিশন,,,,,,,,,,,,,,,,,,,,,,https://ugc.gov.bd/views/info-officers,2026-09-28
শিক্ষা মন্ত্রণালয়,মাধ্যমিক ও উচ্চ শিক্ষা বিভাগ,মাধ্যমিক ও উচ্চ মাধ্যমিক শিক্ষা বোর্ড ঢাকা,,,,,,,,,,,,,,,,,,,,,,https://dhakaeducationboard.portal.gov.bd/views/info-officers,2026-09-28
শিক্ষা মন্ত্রণালয়,মাধ্যমিক ও উচ্চ শিক্ষা বিভাগ,মাধ্যমিক ও উচ্চ শিক্ষা বিভাগ,,,,,,,,,,,,,,,,,,,,,,https://shed.gov.bd/pages/static-pages/694146bca31054345f0fca17,2026-09-25
শিক্ষা মন্ত্রণালয়,মাধ্যমিক ও উচ্চ শিক্ষা বিভাগ,মাধ্যমিক ও উচ্চশিক্ষা অধিদপ্তর,,,,,,,,,,,,,,,,,,,,,,https://dshe.gov.bd/views/info-officers,2026-09-28
শিক্ষা মন্ত্রণালয়,শিক্ষা মন্ত্রণালয়,শিক্ষা মন্ত্রণালয়,,,,,,,,,,,,,,,,,,,,,,https://moedu.gov.bd/views/info-officers,2026-09-28
শিল্প মন্ত্রণালয়,শিল্প মন্ত্রণালয়,বাংলাদেশ কেমিক্যাল ইন্ডাস্ট্রিজ কর্পোরেশন,,,,,,,,,,,,,,,,,,,,,,https://bcic.gov.bd/views/info-officers,2026-09-28
শিল্প মন্ত্রণালয়,শিল্প মন্ত্রণালয়,বাংলাদেশ ক্ষুদ্র ও কুটির শিল্প কর্পোরেশন,,,,,,,,,,,,,,,,,,,,,,https://bscic.gov.bd/views/info-officers,2026-09-28
শিল্প মন্ত্রণালয়,শিল্প মন্ত্রণালয়,বাংলাদেশ স্ট্যান্ডার্ডস এন্ড টেস্টিং ইনস্টিটিউশন,,,,,,,,,,,,,,,,,,,,,,https://bsti.gov.bd/views/info-officers,2026-09-28
শিল্প মন্ত্রণালয়,শিল্প মন্ত্রণালয়,শিল্প মন্ত্রণালয়,,,,,,,,,,,,,,,,,,,,,,https://moind.gov.bd/views/info-officers,2026-09-25
শ্রম ও কর্মসংস্থান মন্ত্রণালয়,শ্রম ও কর্মসংস্থান মন্ত্রণালয়,শ্রম ও কর্মসংস্থান মন্ত্রণালয়,,,,,,,,,,,,,,,,,,,,,,https://mole.gov.bd/views/info-officers,2026-09-25
সংস্কৃতি বিষয়ক মন্ত্রণালয়,সংস্কৃতি বিষয়ক মন্ত্রণালয়,সংস্কৃতি বিষয়ক মন্ত্রণালয়,,,,,,,,,,,,,,,,,,,,,,https://moca.gov.bd/views/info-officers,2026-09-25
সড়ক পরিবহন ও সেতু মন্ত্রণালয়,সড়ক পরিবহন ও মহাসড়ক বিভাগ,ঢাকা ম্যাস ট্রানজিট কোম্পানি লিমিটেড (ডিএমটিসিএল),,,,,,,,,,,,,,,,,,,,,,https://dmtcl.gov.bd/views/info-officers,2026-09-28
সড়ক পরিবহন ও সেতু মন্ত্রণালয়,সড়ক পরিবহন ও মহাসড়ক বিভাগ,বাংলাদেশ সড়ক পরিবহন কর্তৃপক্ষ,,,,,,,,,,,,,,,,,,,,,,https://brta.gov.bd/views/info-officers,2026-09-28
সড়ক পরিবহন ও সেতু মন্ত্রণালয়,সড়ক পরিবহন ও মহাসড়ক বিভাগ,বাংলাদেশ সড়ক পরিবহন কর্পোরেশন,,,,,,,,,,,,,,,,,,,,,,https://brtc.gov.bd/views/info-officers,2026-09-28
সড়ক পরিবহন ও সেতু মন্ত্রণালয়,সড়ক পরিবহন ও মহাসড়ক বিভাগ,সড়ক ও জনপথ অধিদপ্তর,,,,,,,,,,,,,,,,,,,,,,https://rhd.portal.gov.bd/views/info-officers,2026-09-28
সড়ক পরিবহন ও সেতু মন্ত্রণালয়,সড়ক পরিবহন ও মহাসড়ক বিভাগ,সড়ক পরিবহন ও মহাসড়ক বিভাগ,,,,,,,,,,,,,,,,,,,,,,https://rthd.gov.bd/views/info-officers,2026-09-25
সড়ক পরিবহন ও সেতু মন্ত্রণালয়,সড়ক পরিবহন ও সেতু মন্ত্রণালয়,সড়ক পরিবহন ও সেতু মন্ত্রণালয়,,,,,,,,,,,,,,,,,,,,,,https://mortb.gov.bd/views/info-officers,2026-09-28
সড়ক পরিবহন ও সেতু মন্ত্রণালয়,সেতু বিভাগ,বাংলাদেশ সেতু কর্তৃপক্ষ,,,,,,,,,,,,,,,,,,,,,,https://bba.gov.bd/views/info-officers,2026-09-28
সড়ক পরিবহন ও সেতু মন্ত্রণালয়,সেতু বিভাগ,সেতু বিভাগ,,,,,,,,,,,,,,,,,,,,,,https://bridgesdivision.gov.bd/views/info-officers,2026-09-25
সমাজকল্যাণ মন্ত্রণালয়,সমাজকল্যাণ মন্ত্রণালয়,সমাজকল্যাণ মন্ত্রণালয়,,,,,,,,,,,,,,,,,,,,,,https://msw.gov.bd/views/info-officers,2026-09-25
সমাজকল্যাণ মন্ত্রণালয়,সমাজকল্যাণ মন্ত্রণালয়,সমাজসেবা অধিদপ্তর,,,,,,,,,,,,,,,,,,,,,,https://dss.gov.bd/views/info-officers,2026-09-28
সশস্ত্র বাহিনী বিভাগ,সশস্ত্র বাহিনী বিভাগ,সশস্ত্র বাহিনী বিভাগ,,,,,,,,,,,,,,,,,,,,,,https://afd.gov.bd/views/info-officers,2026-09-25
"স্থানীয় সরকার, পল্লী উন্নয়ন ও সমবায় মন্ত্রণালয়",পল্লী উন্নয়ন ও সমবায় বিভাগ,পল্লী উন্নয়ন ও সমবায় বিভাগ,,,,,,,,,,,,,,,,,,,,,,https://rdcd.gov.bd/views/info-officers,2026-09-25
"স্থানীয় সরকার, পল্লী উন্নয়ন ও সমবায় মন্ত্রণালয়",পল্লী উন্নয়ন ও সমবায় বিভাগ,সমবায় অধিদপ্তর,,,,,,,,,,,,,,,,,,,,,,https://coop.gov.bd/views/info-officers,2026-09-28
"স্থানীয় সরকার, পল্লী উন্নয়ন ও সমবায় মন্ত্রণালয়",স্থানীয় সরকার বিভাগ,কুমিল্লা সিটি কর্পোরেশন,,,,,,,,,,,,,,,,,,,,,,https://cocc.portal.gov.bd/views/info-officers,2026-09-28
"স্থানীয় সরকার, পল্লী উন্নয়ন ও সমবায় মন্ত্রণালয়",স্থানীয় সরকার বিভাগ,খুলনা ওয়াসা,,,,,,,,,,,,,,,,,,,,,,https://kwasa.gov.bd/views/info-officers,2026-09-28
"স্থানীয় সরকার, পল্লী উন্নয়ন ও সমবায় মন্ত্রণালয়",স্থানীয় সরকার বিভাগ,জনস্বাস্থ্য প্রকৌশল অধিদপ্তর,,,,,,,,,,,,,,,,,,,,,,https://dphe.gov.bd/views/info-officers,2026-09-28
"স্থানীয় সরকার, পল্লী উন্নয়ন ও সমবায় মন্ত্রণালয়",স্থানীয় সরকার বিভাগ,ঢাকা ওয়াসা,,,,,,,,,,,,,,,,,,,,,,https://dwasa.gov.bd/views/info-officers,2026-09-28
"স্থানীয় সরকার, পল্লী উন্নয়ন ও সমবায় মন্ত্রণালয়",স্থানীয় সরকার বিভাগ,ঢাকা দক্ষিণ সিটি কর্পোরেশন,,,,,,,,,,,,,,,,,,,,,,https://dhakasouthcity.portal.gov.bd/views/info-officers,2026-09-28
"স্থানীয় সরকার, পল্লী উন্নয়ন ও সমবায় মন্ত্রণালয়",স্থানীয় সরকার বিভাগ,রাজশাহী ওয়াসা,,,,,,,,,,,,,,,,,,,,,,https://rajshahiwasa.portal.gov.bd/views/info-officers,2026-09-28
"স্থানীয় সরকার, পল্লী উন্নয়ন ও সমবায় মন্ত্রণালয়",স্থানীয় সরকার বিভাগ,স্থানীয় সরকার প্রকৌশল অধিদপ্তর,,,,,,,,,,,,,,,,,,,,,,https://lged.gov.bd/views/info-officers,2026-09-28
"স্থানীয় সরকার, পল্লী উন্নয়ন ও সমবায় মন্ত্রণালয়",স্থানীয় সরকার বিভাগ,স্থানীয় সরকার বিভাগ,,,,,,,,,,,,,,,,,,,,,,https://lgd.gov.bd/views/info-officers,2026-09-25
"স্থানীয় সরকার, পল্লী উন্নয়ন ও সমবায় মন্ত্রণালয়","স্থানীয় সরকার, পল্লী উন্নয়ন ও সমবায় মন্ত্রণালয়","স্থানীয় সরকার, পল্লী উন্নয়ন ও সমবায় মন্ত্রণালয়",,,,,,,,,,,,,,,,,,,,,,https://molgrdc.gov.bd/views/info-officers,2026-09-28
স্বরাষ্ট্র মন্ত্রণালয়,পুলিশ হেডকোয়ার্টার্স বাংলাদেশ পুলিশ,ঢাকা মেট্রোপলিটন পুলিশ,,,,,,,,,,,,,,,,,,,,,,https://dmp.portal.gov.bd/views/info-officers,2026-09-28
স্বরাষ্ট্র মন্ত্রণালয়,স্বরাষ্ট্র মন্ত্রণালয়,ইমিগ্রেশন ও পাসপোর্ট অধিদপ্তর,,,,,,,,,,,,,,,,,,,,,,https://dip.gov.bd/views/info-officers,2026-09-28
স্বরাষ্ট্র মন্ত্রণালয়,স্বরাষ্ট্র মন্ত্রণালয়,কারা অধিদপ্তর,,,,,,,,,,,,,,,,,,,,,,https://prison.gov.bd/views/info-officers,2026-09-28
স্বরাষ্ট্র মন্ত্রণালয়,স্বরাষ্ট্র মন্ত্রণালয়,পুলিশ হেডকোয়ার্টার্স বাংলাদেশ পুলিশ,,,,,,,,,,,,,,,,,,,,,,https://police.portal.gov.bd/views/info-officers,2026-09-28
স্বরাষ্ট্র মন্ত্রণালয়,স্বরাষ্ট্র মন্ত্রণালয়,ফায়ার সার্ভিস ও সিভিল ডিফেন্স অধিদপ্তর,,,,,,,,,,,,,,,,,,,,,,https://fireservice.gov.bd/views/info-officers,2026-09-28
স্বরাষ্ট্র মন্ত্রণালয়,স্বরাষ্ট্র মন্ত্রণালয়,বর্ডার গার্ড বাংলাদেশ,,,,,,,,,,,,,,,,,,,,,,https://bgb.gov.bd/views/info-officers,2026-09-28
স্বরাষ্ট্র মন্ত্রণালয়,স্বরাষ্ট্র মন্ত্রণালয়,বাংলাদেশ আনসার ও গ্রাম প্রতিরক্ষা বাহিনী,,,,,,,,,,,,,,,,,,,,,,https://ansarvdp.gov.bd/views/info-officers,2026-09-28
স্বরাষ্ট্র মন্ত্রণালয়,স্বরাষ্ট্র মন্ত্রণালয়,বাংলাদেশ কোস্ট গার্ড,,,,,,,,,,,,,,,,,,,,,,https://coastguard.gov.bd/views/info-officers,2026-09-28
স্বরাষ্ট্র মন্ত্রণালয়,স্বরাষ্ট্র মন্ত্রণালয়,মাদকদ্রব্য নিয়ন্ত্রণ অধিদপ্তর,,,,,,,,,,,,,,,,,,,,,,https://dnc.gov.bd/views/info-officers,2026-09-28
স্বরাষ্ট্র মন্ত্রণালয়,স্বরাষ্ট্র মন্ত্রণালয়,স্বরাষ্ট্র মন্ত্রণালয়,,,,,,,,,,,,,,,,,,,,,,https://moha.gov.bd/views/info-officers,2026-09-25
স্বাস্থ্য ও পরিবার কল্যাণ মন্ত্রণালয়,স্বাস্থ্য ও পরিবার কল্যাণ মন্ত্রণালয়,স্বাস্থ্য ও পরিবার কল্যাণ মন্ত্রণালয়,,,,,,,,,,,,,,,,,,,,,,https://mohfw.gov.bd/views/info-officers,2026-09-28
স্বাস্থ্য ও পরিবার কল্যাণ মন্ত্রণালয়,স্বাস্থ্য শিক্ষা ও পরিবার কল্যাণ বিভাগ,পরিবার পরিকল্পনা অধিদপ্তর,,,,,,,,,,,,,,,,,,,,,,https://dgfp.gov.bd/views/info-officers,2026-09-28
স্বাস্থ্য ও পরিবার কল্যাণ মন্ত্রণালয়,স্বাস্থ্য শিক্ষা ও পরিবার কল্যাণ বিভাগ,স্বাস্থ্য শিক্ষা অধিদপ্তর,,,,,,,,,,,,,,,,,,,,,,https://dgme.gov.bd/views/info-officers,2026-09-28
স্বাস্থ্য ও পরিবার কল্যাণ মন্ত্রণালয়,স্বাস্থ্য শিক্ষা ও পরিবার কল্যাণ বিভাগ,স্বাস্থ্য শিক্ষা ও পরিবার কল্যাণ বিভাগ,,,,,,,,,,,,,,,,,,,,,,https://mefwd.gov.bd/views/info-officers,2026-09-25
স্বাস্থ্য ও পরিবার কল্যাণ মন্ত্রণালয়,স্বাস্থ্য সেবা বিভাগ,ঔষধ প্রশাসন অধিদপ্তর,,,,,,,,,,,,,,,,,,,,,,https://dgda.gov.bd/views/info-officers,2026-09-28
স্বাস্থ্য ও পরিবার কল্যাণ মন্ত্রণালয়,স্বাস্থ্য সেবা বিভাগ,স্বাস্থ্য অধিদপ্তর,,,,,,,,,,,,,,,,,,,,,,https://dghs.gov.bd/views/info-officers,2026-09-28
স্বাস্থ্য ও পরিবার কল্যাণ মন্ত্রণালয়,স্বাস্থ্য সেবা বিভাগ,স্বাস্থ্য সেবা বিভাগ,,,,,,,,,,,,,,,,,,,,,,https://hsd.gov.bd/views/info-officers,2026-09-25
